olt,onu_id,consumo_total,horas_activas,ratio_up_down,estado,es_revendedor
OLT VSOL CARAQUITA,GPON01ONU72,375.63,79,0.4749676051360584,CRITICO,-1
OLT VSOL COLONIAS,GPON04ONU18,367.45000000000005,112,0.4191642206086822,CRITICO,-1
OLT VSOL COLONIAS,GPON06ONU23,288.22,91,0.35378111789572564,CRITICO,-1
OLT VSOL FLOR A,GPON06ONU8,280.85,110,0.48511448363386384,CRITICO,-1
OLT VSOL COLONIAS,GPON05ONU120,273.37,91,1.1812016277028643,CRITICO,-1
OLT VSOL FLOR A,GPON03ONU37,271.78,113,0.17227398205659075,CRITICO,-1
OLT VSOL FLOR A,GPON03ONU49,268.49,113,0.3174190382728165,CRITICO,-1
OLT VSOL COLONIAS,GPON03ONU109,261.96,81,0.08091603053435115,CRITICO,-1
OLT VSOL FLOR A,GPON05ONU43,247.65,113,0.25557696207665787,CRITICO,-1
OLT VSOL COLONIAS,GPON01ONU102,240.68,90,1.0912329481275524,CRITICO,-1
OLT VSOL COLONIAS,GPON07ONU2,232.48000000000002,91,0.48473623706731384,CRITICO,-1
OLT VSOL FLOR A,GPON03ONU21,229.72000000000003,113,0.33496048349604834,CRITICO,-1
OLT VSOL COLONIAS,GPON01ONU22,223.55,88,2.2764179979481165,CRITICO,-1
OLT VSOL CARAQUITA,GPON06ONU32,219.7,75,0.8286998501747961,CRITICO,-1
OLT VSOL CARAQUITA,GPON02ONU5,219.06,88,0.24416425285397855,NORMAL,1
OLT VSOL FLOR A,GPON05ONU83,218.53000000000003,110,0.08258198751610027,CRITICO,-1
OLT VSOL FLOR A,GPON05ONU73,216.73000000000002,112,0.3366019118100524,CRITICO,-1
OLT VSOL COLONIAS,GPON01ONU93,214.01,65,0.2157586774981537,CRITICO,-1
OLT VSOL COLONIAS,GPON02ONU14,208.78,91,0.134057577403585,NORMAL,1
OLT VSOL FLOR A,GPON03ONU32,207.63,112,1.0429991144347142,CRITICO,-1
OLT VSOL FLOR A,GPON03ONU73,207.23000000000002,106,0.3231388073043034,NORMAL,1
OLT VSOL FLOR A,GPON06ONU50,198.56,107,0.3508401932104225,NORMAL,1
OLT VSOL FLOR A,GPON03ONU22,198.38,108,0.1378914764253757,NORMAL,1
OLT VSOL COLONIAS,GPON03ONU41,196.34,91,0.4482555137567309,NORMAL,1
OLT VSOL FLOR A,GPON03ONU45,196.3,113,0.1803258974204798,NORMAL,1
OLT VSOL COLONIAS,GPON01ONU3,193.3,51,0.20174075225365248,CRITICO,-1
OLT VSOL COLONIAS,GPON06ONU10,189.84,90,0.339353746296035,NORMAL,1
OLT VSOL FLOR A,GPON03ONU5,189.07,111,0.14449152542372884,NORMAL,1
OLT VSOL COLONIAS,GPON08ONU52,188.92,87,0.08900161401890708,NORMAL,1
OLT VSOL CARAQUITA,GPON02ONU50,187.74,42,0.018609950626661605,CRITICO,-1
OLT VSOL FLOR A,GPON04ONU32,185.82,111,0.2172147255338661,NORMAL,1
OLT VSOL COLONIAS,GPON01ONU66,185.26000000000002,89,0.2682092004381161,NORMAL,1
OLT VSOL COLONIAS,GPON06ONU51,184.87,80,0.5422541086176691,CRITICO,-1
OLT VSOL FLOR A,GPON06ONU26,181.98000000000002,111,0.5937992643194955,CRITICO,-1
OLT VSOL COLONIAS,GPON04ONU37,181.87,110,0.2544488895020003,NORMAL,1
OLT VSOL FLOR A,GPON03ONU3,180.44,113,0.1397890215400164,NORMAL,1
OLT VSOL FLOR A,GPON06ONU12,177.48000000000002,113,0.25436426602586754,NORMAL,1
OLT VSOL FLOR A,GPON05ONU45,177.36,107,0.7006424393518074,CRITICO,-1
OLT VSOL FLOR A,GPON03ONU47,175.58999999999997,111,0.2818659658344284,NORMAL,1
OLT VSOL FLOR A,GPON03ONU27,175.32,112,0.22072134800167106,NORMAL,1
OLT VSOL FLOR A,GPON06ONU24,174.65,110,0.2542190305206463,NORMAL,1
OLT VSOL FLOR A,GPON03ONU79,170.82,110,0.6429739347888813,CRITICO,-1
OLT VSOL FLOR A,GPON06ONU13,170.37,109,0.08343402225755167,NORMAL,1
OLT VSOL FLOR A,GPON03ONU51,169.09,112,0.03793505616598122,NORMAL,1
OLT VSOL FLOR A,GPON04ONU67,168.21,111,0.06976596285932332,NORMAL,1
OLT VSOL COLONIAS,GPON02ONU9,167.5,91,0.09965861344537816,NORMAL,1
OLT VSOL FLOR A,GPON06ONU39,167.28,111,0.1269199676637025,NORMAL,1
OLT VSOL COLONIAS,GPON03ONU37,167.01,91,2.2460641399416907,CRITICO,-1
OLT VSOL FLOR A,GPON06ONU46,166.11,112,0.16323529411764703,NORMAL,1
OLT VSOL COLONIAS,GPON01ONU94,165.76,89,0.7134587554269175,CRITICO,-1
OLT VSOL FLOR A,GPON05ONU20,165.65,109,0.13443363922750307,NORMAL,1
OLT VSOL COLONIAS,GPON07ONU49,165.17000000000002,91,0.3087955625990491,NORMAL,1
OLT VSOL COLONIAS,GPON02ONU52,164.51,91,0.3710309192432703,NORMAL,1
OLT VSOL CARAQUITA,GPON02ONU52,164.09,85,0.03867578174452463,NORMAL,1
OLT VSOL COLONIAS,GPON01ONU23,163.73,53,0.03280136251813537,CRITICO,-1
OLT VSOL FLOR A,GPON08ONU2,163.3,113,0.35428760988555313,NORMAL,1
OLT VSOL COLONIAS,GPON03ONU50,162.51000000000002,80,0.14202389318341532,NORMAL,1
OLT VSOL COLONIAS,GPON06ONU36,162.4,91,0.4438122332859175,NORMAL,1
OLT VSOL FLOR A,GPON06ONU33,161.36,94,0.5151173708920188,NORMAL,1
OLT VSOL FLOR A,GPON04ONU64,160.57999999999998,113,0.3438781487990627,NORMAL,1
OLT VSOL FLOR A,GPON03ONU72,160.48000000000002,99,0.6221570807641766,NORMAL,1
OLT VSOL FLOR A,GPON05ONU77,160.45999999999998,113,0.10677334804800663,NORMAL,1
OLT VSOL FLOR A,GPON05ONU61,159.69,107,0.09489201234144669,NORMAL,1
OLT VSOL CARAQUITA,GPON03ONU39,159.42000000000002,87,0.37692174814302987,NORMAL,1
OLT VSOL FLOR A,GPON06ONU14,159.26,110,0.35575040435855965,NORMAL,1
OLT VSOL FLOR A,GPON06ONU58,158.97,109,0.23712062256809338,NORMAL,1
OLT VSOL COLONIAS,GPON07ONU73,158.42000000000002,91,0.6649500788229112,NORMAL,1
OLT VSOL COLONIAS,GPON06ONU68,156.28,91,0.3398491083676269,NORMAL,1
OLT VSOL FLOR A,GPON05ONU26,155.05,111,0.2836327510555509,NORMAL,1
OLT VSOL FLOR A,GPON06ONU49,154.16,106,0.12197962154294033,NORMAL,1
OLT VSOL COLONIAS,GPON07ONU39,153.35999999999999,91,0.1270669508341295,NORMAL,1
OLT VSOL FLOR A,GPON04ONU71,151.38,110,0.039126853377265236,NORMAL,1
OLT VSOL CARAQUITA,GPON02ONU45,150.52,86,0.5271915584415584,NORMAL,1
OLT VSOL COLONIAS,GPON08ONU62,150.32999999999998,91,0.32835557126446935,NORMAL,1
OLT VSOL COLONIAS,GPON05ONU3,148.75,91,0.26509610477972445,NORMAL,1
OLT VSOL FLOR A,GPON06ONU35,148.72,107,0.20080742834073478,NORMAL,1
OLT VSOL FLOR A,GPON06ONU52,148.54,107,0.21544881760903362,NORMAL,1
OLT VSOL FLOR A,GPON04ONU83,148.45000000000002,111,0.04593813851898823,NORMAL,1
OLT VSOL COLONIAS,GPON07ONU34,147.22,91,0.24026958719460825,NORMAL,1
OLT VSOL FLOR A,GPON04ONU89,145.94,109,0.6168845557278971,CRITICO,-1
OLT VSOL FLOR A,GPON06ONU3,144.8,110,0.16755362038380908,NORMAL,1
OLT VSOL FLOR A,GPON04ONU77,144.72,113,0.21266968325791855,NORMAL,1
OLT VSOL FLOR A,GPON04ONU70,142.79000000000002,109,0.18380036478195988,NORMAL,1
OLT VSOL COLONIAS,GPON07ONU59,140.91,91,0.5717791411042944,NORMAL,1
OLT VSOL COLONIAS,GPON02ONU38,140.56,91,0.04950347196296573,NORMAL,1
OLT VSOL CARAQUITA,GPON06ONU11,140.2,59,0.8420706871633163,CRITICO,-1
OLT VSOL COLONIAS,GPON07ONU21,139.75,81,0.42587491072339556,NORMAL,1
OLT VSOL FLOR A,GPON05ONU36,139.25,109,0.2720380012788892,NORMAL,1
OLT VSOL COLONIAS,GPON03ONU17,138.95999999999998,91,0.29784253292238727,NORMAL,1
OLT VSOL COLONIAS,GPON03ONU14,138.24,91,0.23395519057395342,NORMAL,1
OLT VSOL FLOR A,GPON05ONU59,138.23000000000002,109,0.10038210476038846,NORMAL,1
OLT VSOL COLONIAS,GPON02ONU83,138.02,91,0.05568303503135995,NORMAL,1
OLT VSOL FLOR A,GPON03ONU52,137.86,107,0.27118487782388195,NORMAL,1
OLT VSOL FLOR A,GPON06ONU38,137.52,103,0.5479513732552904,NORMAL,1
OLT VSOL COLONIAS,GPON01ONU39,137.04,11,0.25909592061742004,CRITICO,-1
OLT VSOL COLONIAS,GPON01ONU116,136.91,88,0.16578678474114442,NORMAL,1
OLT VSOL CARAQUITA,GPON06ONU21,136.51000000000002,88,0.06606794221007418,NORMAL,1
OLT VSOL FLOR A,GPON03ONU77,136.07,113,0.3429727595736281,NORMAL,1
OLT VSOL COLONIAS,GPON06ONU70,136.02,91,0.3440711462450593,NORMAL,1
OLT VSOL FLOR A,GPON05ONU14,135.47,106,0.0875883108542068,NORMAL,1
OLT VSOL COLONIAS,GPON02ONU71,135.41,91,0.07562157439034077,NORMAL,1
OLT VSOL COLONIAS,GPON01ONU42,134.64,91,0.16682554814108674,NORMAL,1
OLT VSOL COLONIAS,GPON02ONU91,134.2,72,0.046883532256806304,NORMAL,1
OLT VSOL COLONIAS,GPON04ONU35,134.15,112,0.061397262441648864,NORMAL,1
OLT VSOL FLOR A,GPON03ONU44,133.92000000000002,111,0.2675816374822527,NORMAL,1
OLT VSOL FLOR A,GPON05ONU41,133.48,113,0.14653839546469677,NORMAL,1
OLT VSOL COLONIAS,GPON05ONU126,133.31,91,0.4498096791734638,NORMAL,1
OLT VSOL COLONIAS,GPON05ONU56,133.28,102,0.19780713579581202,NORMAL,1
OLT VSOL COLONIAS,GPON08ONU14,132.94,91,0.2696017572342661,NORMAL,1
OLT VSOL FLOR A,GPON05ONU79,132.82,111,0.04156210790464241,NORMAL,1
OLT VSOL COLONIAS,GPON08ONU102,132.75,91,0.2850919651500484,NORMAL,1
OLT VSOL COLONIAS,GPON04ONU58,131.78,91,0.15667515140875976,NORMAL,1
OLT VSOL COLONIAS,GPON04ONU29,131.74,109,0.20552708638360176,NORMAL,1
OLT VSOL COLONIAS,GPON03ONU16,131.38,91,0.05977252561103493,NORMAL,1
OLT VSOL COLONIAS,GPON07ONU43,131.16,91,0.5288495162606364,NORMAL,1
OLT VSOL FLOR A,GPON05ONU6,131.01999999999998,110,0.4123100140131508,NORMAL,1
OLT VSOL COLONIAS,GPON08ONU51,130.02,91,0.1189328743545611,NORMAL,1
OLT VSOL COLONIAS,GPON03ONU7,129.42,91,0.3041112454655381,NORMAL,1
OLT VSOL CARAQUITA,GPON06ONU28,128.84,84,0.114436467433613,NORMAL,1
OLT VSOL COLONIAS,GPON02ONU7,127.32,91,0.3593850096092248,NORMAL,1
OLT VSOL COLONIAS,GPON01ONU61,127.27000000000001,88,0.09263392857142856,NORMAL,1
OLT VSOL COLONIAS,GPON01ONU48,127.25999999999999,88,0.1925780151813326,NORMAL,1
OLT VSOL CARAQUITA,GPON01ONU17,127.15,90,0.1784059314179796,NORMAL,1
OLT VSOL COLONIAS,GPON03ONU63,126.0,91,0.3189573955825395,NORMAL,1
OLT VSOL COLONIAS,GPON02ONU76,126.0,91,0.11091518250749427,NORMAL,1
OLT VSOL COLONIAS,GPON07ONU118,125.81,91,0.3247341265662841,NORMAL,1
OLT VSOL COLONIAS,GPON01ONU73,125.6,88,0.04483819981698694,NORMAL,1
OLT VSOL CARAQUITA,GPON01ONU14,125.36,69,0.12470841557509421,NORMAL,1
OLT VSOL FLOR A,GPON05ONU66,125.32,109,0.2908941079522044,NORMAL,1
OLT VSOL COLONIAS,GPON02ONU21,124.68,91,0.07427192831294158,NORMAL,1
OLT VSOL COLONIAS,GPON04ONU10,124.65,104,0.43688760806916427,NORMAL,1
OLT VSOL COLONIAS,GPON03ONU46,124.49000000000001,91,0.10874599216245102,NORMAL,1
OLT VSOL COLONIAS,GPON07ONU50,124.42999999999999,91,0.07899757197363858,NORMAL,1
OLT VSOL FLOR A,GPON05ONU7,123.28,103,0.06477802729314217,NORMAL,1
OLT VSOL FLOR A,GPON04ONU90,122.89000000000001,87,0.7763804567794159,CRITICO,-1
OLT VSOL CARAQUITA,GPON06ONU18,122.89,83,0.3743010512189667,NORMAL,1
OLT VSOL FLOR A,GPON03ONU14,122.44,104,0.20227808326787117,NORMAL,1
OLT VSOL FLOR A,GPON03ONU84,122.38999999999999,113,0.5300662582822853,NORMAL,1
OLT VSOL COLONIAS,GPON04ONU40,121.91,100,0.30650519772800344,NORMAL,1
OLT VSOL CARAQUITA,GPON03ONU12,121.29,88,0.026402640264026403,NORMAL,1
OLT VSOL CARAQUITA,GPON03ONU33,120.03,86,0.19910089910089912,NORMAL,1
OLT VSOL FLOR A,GPON05ONU25,119.91,100,0.2440087145969499,NORMAL,1
OLT VSOL COLONIAS,GPON07ONU23,119.62,84,0.0866642441860465,NORMAL,1
OLT VSOL FLOR A,GPON03ONU76,119.31,108,0.21151502843216893,NORMAL,1
OLT VSOL FLOR A,GPON04ONU4,119.03,111,0.08130450581395349,NORMAL,1
OLT VSOL FLOR A,GPON06ONU54,119.00999999999999,104,0.05374535151407828,NORMAL,1
OLT VSOL COLONIAS,GPON06ONU80,118.34,91,0.6043926247288502,NORMAL,1
OLT VSOL COLONIAS,GPON04ONU21,118.29,110,0.10665169800729722,NORMAL,1
OLT VSOL FLOR A,GPON06ONU36,118.13,108,0.7125253696723688,CRITICO,-1
OLT VSOL FLOR A,GPON03ONU34,118.1,107,0.5156570841889117,NORMAL,1
OLT VSOL COLONIAS,GPON08ONU79,117.88999999999999,91,0.36969908214244224,NORMAL,1
OLT VSOL COLONIAS,GPON06ONU5,117.74000000000001,91,0.09403456606578701,NORMAL,1
OLT VSOL FLOR A,GPON03ONU15,117.65,111,0.25013282329189246,NORMAL,1
OLT VSOL FLOR A,GPON03ONU42,117.36,111,0.4004773269689738,NORMAL,1
OLT VSOL COLONIAS,GPON07ONU42,117.03,91,0.9047851562500001,CRITICO,-1
OLT VSOL COLONIAS,GPON03ONU35,116.64999999999999,91,0.1292352371732817,NORMAL,1
OLT VSOL FLOR A,GPON06ONU37,116.48,113,0.11229946524064172,NORMAL,1
OLT VSOL COLONIAS,GPON05ONU36,116.29,91,0.03802552887619388,NORMAL,1
OLT VSOL COLONIAS,GPON07ONU68,116.22,91,0.20773147667047695,NORMAL,1
OLT VSOL COLONIAS,GPON04ONU51,115.91,113,0.5629719525350594,NORMAL,1
OLT VSOL COLONIAS,GPON06ONU21,115.83999999999999,81,0.0830216903515333,NORMAL,1
OLT VSOL FLOR A,GPON03ONU19,115.64,110,0.07083989258264654,NORMAL,1
OLT VSOL COLONIAS,GPON03ONU114,115.36999999999999,91,0.05235793122320533,NORMAL,1
OLT VSOL COLONIAS,GPON07ONU18,115.27,91,0.2510310397221619,NORMAL,1
OLT VSOL COLONIAS,GPON03ONU59,115.22999999999999,91,0.33183079056865467,NORMAL,1
OLT VSOL COLONIAS,GPON01ONU31,115.09,88,0.6083007266629402,NORMAL,1
OLT VSOL COLONIAS,GPON02ONU85,114.7,91,0.29064926296838073,NORMAL,1
OLT VSOL COLONIAS,GPON07ONU30,114.0,91,0.06373052160119437,NORMAL,1
OLT VSOL COLONIAS,GPON05ONU48,113.52,108,0.06024096385542169,NORMAL,1
OLT VSOL FLOR A,GPON03ONU43,113.23,108,0.27568724650743576,NORMAL,1
OLT VSOL CARAQUITA,GPON06ONU2,113.06,88,0.07532813391668251,NORMAL,1
OLT VSOL CARAQUITA,GPON03ONU29,112.75,87,0.1095256839204881,NORMAL,1
OLT VSOL CARAQUITA,GPON03ONU9,112.71,37,0.24362793776895067,CRITICO,-1
OLT VSOL COLONIAS,GPON08ONU7,112.07000000000001,81,0.07264548238897396,NORMAL,1
OLT VSOL COLONIAS,GPON03ONU105,112.07,91,0.4603857180088611,NORMAL,1
OLT VSOL FLOR A,GPON05ONU81,112.02,107,0.054405120481927714,NORMAL,1
OLT VSOL FLOR A,GPON03ONU55,112.02,109,0.22586999343401185,NORMAL,1
OLT VSOL FLOR A,GPON06ONU25,112.0,103,0.2512568428108591,NORMAL,1
OLT VSOL COLONIAS,GPON05ONU71,111.72999999999999,111,0.10122215651488271,NORMAL,1
OLT VSOL COLONIAS,GPON08ONU77,111.57,91,0.10345168628226685,NORMAL,1
OLT VSOL CARAQUITA,GPON01ONU4,111.41,77,0.305025184491039,NORMAL,1
OLT VSOL CARAQUITA,GPON03ONU26,111.31,89,0.3587646484375,NORMAL,1
OLT VSOL FLOR A,GPON06ONU9,111.08,109,0.14021761445288441,NORMAL,1
OLT VSOL COLONIAS,GPON01ONU30,110.26,89,0.18968493741907635,NORMAL,1
OLT VSOL FLOR A,GPON04ONU1,109.99000000000001,110,0.1396746451144959,NORMAL,1
OLT VSOL COLONIAS,GPON06ONU45,109.77000000000001,91,0.2328167115902965,NORMAL,1
OLT VSOL COLONIAS,GPON01ONU26,109.32,87,0.7558625120462577,NORMAL,1
OLT VSOL FLOR A,GPON04ONU22,109.16,78,0.21680972020956416,NORMAL,1
OLT VSOL COLONIAS,GPON08ONU100,109.15,89,0.04230328495034377,NORMAL,1
OLT VSOL FLOR A,GPON03ONU87,109.07000000000001,105,0.5855502253234481,NORMAL,1
OLT VSOL COLONIAS,GPON07ONU51,109.03,91,0.4229966066301226,NORMAL,1
OLT VSOL FLOR A,GPON03ONU58,109.02,111,0.2277027027027027,NORMAL,1
OLT VSOL CARAQUITA,GPON02ONU32,108.53999999999999,91,0.10800326663944468,NORMAL,1
OLT VSOL FLOR A,GPON03ONU41,108.52,111,0.06590708181907474,NORMAL,1
OLT VSOL CARAQUITA,GPON02ONU12,108.33000000000001,84,0.11507977354606277,NORMAL,1
OLT VSOL COLONIAS,GPON03ONU85,107.85000000000001,91,0.08501006036217303,NORMAL,1
OLT VSOL COLONIAS,GPON04ONU20,107.75999999999999,105,0.26538280883043686,NORMAL,1
OLT VSOL FLOR A,GPON05ONU64,107.35,111,0.1854019434628975,NORMAL,1
OLT VSOL FLOR A,GPON06ONU16,107.31,105,0.6059563005088298,NORMAL,1
OLT VSOL COLONIAS,GPON07ONU27,107.28,91,0.1526807779091007,NORMAL,1
OLT VSOL COLONIAS,GPON06ONU63,107.22,88,0.10070834616569141,NORMAL,1
OLT VSOL COLONIAS,GPON03ONU3,107.21,91,0.25568048723354414,NORMAL,1
OLT VSOL COLONIAS,GPON07ONU41,107.19,81,0.06816143497757848,NORMAL,1
OLT VSOL COLONIAS,GPON06ONU15,107.14999999999999,91,0.22359255452780633,NORMAL,1
OLT VSOL FLOR A,GPON06ONU61,107.06,111,0.19220489977728286,NORMAL,1
OLT VSOL COLONIAS,GPON01ONU25,107.05,89,0.07253782186153693,NORMAL,1
OLT VSOL COLONIAS,GPON06ONU60,107.05,91,0.3211156361841293,NORMAL,1
OLT VSOL COLONIAS,GPON04ONU13,106.99,109,0.16546840958605666,NORMAL,1
OLT VSOL COLONIAS,GPON05ONU18,106.32,91,0.0995966490847037,NORMAL,1
OLT VSOL COLONIAS,GPON06ONU49,106.22999999999999,90,0.18599977671095233,NORMAL,1
OLT VSOL CARAQUITA,GPON06ONU34,105.75999999999999,86,0.05887064477372848,NORMAL,1
OLT VSOL CARAQUITA,GPON06ONU26,105.73,84,0.23849127328101205,NORMAL,1
OLT VSOL FLOR A,GPON04ONU60,105.7,109,0.09397640240115918,NORMAL,1
OLT VSOL COLONIAS,GPON05ONU43,105.65,91,0.27535007242877835,NORMAL,1
OLT VSOL COLONIAS,GPON07ONU24,105.33000000000001,91,0.8645778013807753,CRITICO,-1
OLT VSOL FLOR A,GPON05ONU17,104.97999999999999,109,0.24694144197648177,NORMAL,1
OLT VSOL COLONIAS,GPON05ONU121,104.88,91,0.28309273305603133,NORMAL,1
OLT VSOL FLOR A,GPON06ONU23,104.78999999999999,110,0.14125462862121543,NORMAL,1
OLT VSOL COLONIAS,GPON04ONU3,104.75,108,0.07978558911452427,NORMAL,1
OLT VSOL FLOR A,GPON06ONU42,104.68,110,0.07917525773195876,NORMAL,1
OLT VSOL FLOR A,GPON03ONU48,104.53,96,0.6299703726804927,NORMAL,1
OLT VSOL COLONIAS,GPON05ONU107,104.31,91,0.06471368786363173,NORMAL,1
OLT VSOL COLONIAS,GPON07ONU79,104.3,81,0.20703622265941443,NORMAL,1
OLT VSOL FLOR A,GPON06ONU57,103.89,92,0.5582720863956802,NORMAL,1
OLT VSOL COLONIAS,GPON08ONU72,103.62,91,0.05155266896691699,NORMAL,1
OLT VSOL CARAQUITA,GPON02ONU14,103.42,90,0.09346584901670543,NORMAL,1
OLT VSOL COLONIAS,GPON04ONU52,103.17,91,0.20610240823006779,NORMAL,1
OLT VSOL COLONIAS,GPON04ONU42,103.11999999999999,107,0.1926902613925515,NORMAL,1
OLT VSOL COLONIAS,GPON05ONU26,102.89,91,0.17026842584167426,NORMAL,1
OLT VSOL FLOR A,GPON05ONU33,102.57,110,0.1623980054397099,NORMAL,1
OLT VSOL COLONIAS,GPON03ONU12,102.33,91,0.270391061452514,NORMAL,1
OLT VSOL COLONIAS,GPON01ONU71,101.83,86,0.14971209213051825,NORMAL,1
OLT VSOL FLOR A,GPON03ONU39,101.62,100,0.28324283369112263,NORMAL,1
OLT VSOL COLONIAS,GPON03ONU65,101.55,91,0.1775278293135436,NORMAL,1
OLT VSOL CARAQUITA,GPON03ONU6,101.37,88,0.40967876512307055,NORMAL,1
OLT VSOL FLOR A,GPON05ONU32,101.23,110,0.2981533726596563,NORMAL,1
OLT VSOL FLOR A,GPON08ONU1,101.11000000000001,113,0.508879271750485,NORMAL,1
OLT VSOL COLONIAS,GPON06ONU18,101.03,91,0.09363498592768998,NORMAL,1
OLT VSOL COLONIAS,GPON02ONU17,101.0,91,0.0889487870619946,NORMAL,1
OLT VSOL COLONIAS,GPON08ONU99,100.99,91,0.04414805624483043,NORMAL,1
OLT VSOL FLOR A,GPON04ONU23,100.78,108,0.04990103135743307,NORMAL,1
OLT VSOL FLOR A,GPON03ONU86,100.77000000000001,55,1.482631189948263,CRITICO,-1
OLT VSOL FLOR A,GPON05ONU87,100.77000000000001,70,0.4631915202555539,NORMAL,1
OLT VSOL COLONIAS,GPON02ONU53,100.75999999999999,91,0.05122587376108503,NORMAL,1
OLT VSOL COLONIAS,GPON05ONU54,100.71,110,0.08816855753646678,NORMAL,1
OLT VSOL CARAQUITA,GPON02ONU13,100.67,83,0.29279568511621934,NORMAL,1
OLT VSOL FLOR A,GPON08ONU3,100.57000000000001,103,0.27740378508827634,NORMAL,1
OLT VSOL FLOR A,GPON05ONU89,100.53,111,0.07346502936465563,NORMAL,1
OLT VSOL FLOR A,GPON04ONU72,100.00999999999999,111,0.08482481831001194,NORMAL,1
OLT VSOL COLONIAS,GPON06ONU9,99.76,65,0.570528967254408,CRITICO,-1
OLT VSOL COLONIAS,GPON01ONU33,99.74000000000001,86,0.09688771582536017,NORMAL,1
OLT VSOL FLOR A,GPON06ONU32,99.11,84,0.48791472751839066,NORMAL,1
OLT VSOL COLONIAS,GPON06ONU41,98.83,91,0.13597701149425287,NORMAL,1
OLT VSOL COLONIAS,GPON03ONU117,98.69,91,0.045223469603897476,NORMAL,1
OLT VSOL COLONIAS,GPON03ONU94,98.58,91,0.10243793334824423,NORMAL,1
OLT VSOL CARAQUITA,GPON02ONU34,98.42,84,0.6701170880705922,NORMAL,1
OLT VSOL COLONIAS,GPON01ONU76,97.89,71,1.4350746268656716,CRITICO,-1
OLT VSOL FLOR A,GPON04ONU12,97.66000000000001,97,0.1266728195662206,NORMAL,1
OLT VSOL FLOR A,GPON05ONU75,97.56,95,0.5884076847932269,NORMAL,1
OLT VSOL COLONIAS,GPON01ONU47,97.37,87,0.3888175723862502,NORMAL,1
OLT VSOL COLONIAS,GPON05ONU9,96.87,91,0.2276010645038652,NORMAL,1
OLT VSOL FLOR A,GPON05ONU4,96.85,97,0.21153365023767826,NORMAL,1
OLT VSOL COLONIAS,GPON05ONU20,96.77,91,0.2945819397993311,NORMAL,1
OLT VSOL FLOR A,GPON03ONU10,96.49,108,0.1245920745920746,NORMAL,1
OLT VSOL COLONIAS,GPON05ONU52,96.43,91,0.04906440382941688,NORMAL,1
OLT VSOL COLONIAS,GPON06ONU25,95.89,91,0.10881128584643848,NORMAL,1
OLT VSOL COLONIAS,GPON03ONU38,95.86,91,0.3061725030658128,NORMAL,1
OLT VSOL COLONIAS,GPON07ONU108,95.82000000000001,81,0.060659729909231797,NORMAL,1
OLT VSOL COLONIAS,GPON04ONU14,95.75,91,0.355080667987546,NORMAL,1
OLT VSOL COLONIAS,GPON01ONU75,95.64,89,0.07836283684744616,NORMAL,1
OLT VSOL FLOR A,GPON06ONU73,95.56,110,0.1250294325406169,NORMAL,1
OLT VSOL COLONIAS,GPON08ONU48,95.35,91,0.26542800265428007,NORMAL,1
OLT VSOL COLONIAS,GPON08ONU123,94.86,91,0.06860425819533626,NORMAL,1
OLT VSOL FLOR A,GPON03ONU67,94.55,111,0.05230940456316083,NORMAL,1
OLT VSOL CARAQUITA,GPON01ONU119,94.54,89,0.09143384899561302,NORMAL,1
OLT VSOL FLOR A,GPON04ONU81,94.44000000000001,108,0.06965681277607882,NORMAL,1
OLT VSOL COLONIAS,GPON07ONU117,94.44,91,0.057440376217668794,NORMAL,1
OLT VSOL COLONIAS,GPON05ONU51,94.42,108,0.1429609006173587,NORMAL,1
OLT VSOL CARAQUITA,GPON03ONU37,94.19,91,0.28780421110199617,NORMAL,1
OLT VSOL FLOR A,GPON03ONU33,94.15,102,0.449576597382602,NORMAL,1
OLT VSOL CARAQUITA,GPON03ONU4,94.14,89,0.28712059064807216,NORMAL,1
OLT VSOL COLONIAS,GPON03ONU6,93.92,89,0.22355393434080248,NORMAL,1
OLT VSOL COLONIAS,GPON01ONU85,93.84,86,0.4488188976377953,NORMAL,1
OLT VSOL CARAQUITA,GPON03ONU19,93.83,88,0.23720991561181431,NORMAL,1
OLT VSOL COLONIAS,GPON08ONU94,93.73,91,0.33785326862689125,NORMAL,1
OLT VSOL FLOR A,GPON05ONU39,93.37,107,0.11486567164179104,NORMAL,1
OLT VSOL COLONIAS,GPON08ONU81,93.35,81,0.048994269018990906,NORMAL,1
OLT VSOL FLOR A,GPON06ONU64,93.33000000000001,84,0.054457123488871315,NORMAL,1
OLT VSOL FLOR A,GPON06ONU28,93.33,102,0.05517241379310345,NORMAL,1
OLT VSOL COLONIAS,GPON04ONU8,93.25,91,0.20618290001293493,NORMAL,1
OLT VSOL FLOR A,GPON05ONU30,93.17,108,0.052173913043478265,NORMAL,1
OLT VSOL COLONIAS,GPON08ONU16,93.09,91,0.17701352889113667,NORMAL,1
OLT VSOL FLOR A,GPON05ONU10,93.03,109,0.2561436672967864,NORMAL,1
OLT VSOL COLONIAS,GPON01ONU2,92.59,91,0.2438205265986029,NORMAL,1
OLT VSOL FLOR A,GPON03ONU2,92.56,100,0.43259557344064387,NORMAL,1
OLT VSOL COLONIAS,GPON03ONU69,92.56,91,0.07477937761263354,NORMAL,1
OLT VSOL FLOR A,GPON03ONU64,92.45,94,0.2175688133807454,NORMAL,1
OLT VSOL COLONIAS,GPON03ONU72,92.35,91,0.1063855277345154,NORMAL,1
OLT VSOL CARAQUITA,GPON03ONU5,92.27,88,0.12689301416707377,NORMAL,1
OLT VSOL COLONIAS,GPON06ONU71,92.16000000000001,91,0.12035010940919037,NORMAL,1
OLT VSOL COLONIAS,GPON08ONU101,92.01,91,0.18340836012861736,NORMAL,1
OLT VSOL COLONIAS,GPON05ONU30,92.0,90,0.1465603190428714,NORMAL,1
OLT VSOL FLOR A,GPON03ONU81,91.85,107,0.2003397804495557,NORMAL,1
OLT VSOL COLONIAS,GPON02ONU29,91.61,91,0.02909458548640755,NORMAL,1
OLT VSOL FLOR A,GPON06ONU30,91.45,104,0.3062419654335095,NORMAL,1
OLT VSOL COLONIAS,GPON08ONU34,91.38,91,0.18291262135922332,NORMAL,1
OLT VSOL COLONIAS,GPON01ONU43,91.13,84,0.38854182538473264,NORMAL,1
OLT VSOL COLONIAS,GPON06ONU54,91.03,81,0.05091202955437543,NORMAL,1
OLT VSOL FLOR A,GPON03ONU91,90.95,107,0.1887334988890341,NORMAL,1
OLT VSOL COLONIAS,GPON07ONU71,90.94,91,0.41629029746145463,NORMAL,1
OLT VSOL FLOR A,GPON04ONU94,90.87,97,0.5855871575641249,NORMAL,1
OLT VSOL FLOR A,GPON03ONU71,90.68,111,0.13748118414450577,NORMAL,1
OLT VSOL COLONIAS,GPON01ONU63,90.38000000000001,89,0.16020539152759947,NORMAL,1
OLT VSOL COLONIAS,GPON02ONU34,90.32000000000001,91,0.060467300692732186,NORMAL,1
OLT VSOL CARAQUITA,GPON02ONU31,90.24000000000001,83,0.41976085588420387,NORMAL,1
OLT VSOL COLONIAS,GPON02ONU78,90.19,91,0.4824128862590401,NORMAL,1
OLT VSOL COLONIAS,GPON08ONU57,90.18,91,0.11747211895910781,NORMAL,1
OLT VSOL COLONIAS,GPON05ONU64,89.89,91,0.10240372823154278,NORMAL,1
OLT VSOL COLONIAS,GPON06ONU29,89.86,81,0.8489711934156378,CRITICO,-1
OLT VSOL COLONIAS,GPON01ONU38,89.67,83,0.05531364010827351,NORMAL,1
OLT VSOL COLONIAS,GPON08ONU92,89.56,91,0.0980872976949485,NORMAL,1
OLT VSOL FLOR A,GPON04ONU69,89.52000000000001,104,0.0949119373776908,NORMAL,1
OLT VSOL COLONIAS,GPON05ONU24,89.4,91,0.06631679389312976,NORMAL,1
OLT VSOL COLONIAS,GPON08ONU24,89.38000000000001,91,0.06926665869123101,NORMAL,1
OLT VSOL FLOR A,GPON03ONU95,89.31,73,0.13510421962379257,NORMAL,1
OLT VSOL COLONIAS,GPON07ONU74,89.22,91,0.20242587601078166,NORMAL,1
OLT VSOL CARAQUITA,GPON02ONU47,89.11,85,0.4164679701160388,NORMAL,1
OLT VSOL CARAQUITA,GPON02ONU28,89.08,83,0.33513189448441244,NORMAL,1
OLT VSOL COLONIAS,GPON02ONU57,89.05,82,0.3842686149541427,NORMAL,1
OLT VSOL COLONIAS,GPON03ONU18,89.05,87,0.2445842068483578,NORMAL,1
OLT VSOL COLONIAS,GPON05ONU27,88.72,90,0.39299733082116506,NORMAL,1
OLT VSOL COLONIAS,GPON04ONU47,88.56,108,0.12772188972367246,NORMAL,1
OLT VSOL COLONIAS,GPON03ONU99,88.44,91,0.47695390781563124,NORMAL,1
OLT VSOL FLOR A,GPON03ONU97,88.44,105,0.47670729671063616,NORMAL,1
OLT VSOL COLONIAS,GPON01ONU108,88.39,71,0.38109375,NORMAL,1
OLT VSOL COLONIAS,GPON01ONU44,88.38999999999999,90,0.14317123642007246,NORMAL,1
OLT VSOL COLONIAS,GPON07ONU75,88.26,91,0.27285837900201904,NORMAL,1
OLT VSOL COLONIAS,GPON05ONU114,88.22999999999999,91,0.07388023369036027,NORMAL,1
OLT VSOL COLONIAS,GPON07ONU20,88.21000000000001,88,0.14871728089595,NORMAL,1
OLT VSOL COLONIAS,GPON07ONU61,88.06,91,0.15655371683740477,NORMAL,1
OLT VSOL FLOR A,GPON04ONU8,87.92,104,0.16004749967014117,NORMAL,1
OLT VSOL COLONIAS,GPON05ONU122,87.77000000000001,91,0.30610119047619044,NORMAL,1
OLT VSOL COLONIAS,GPON04ONU19,87.75999999999999,105,0.7323332017370707,CRITICO,-1
OLT VSOL FLOR A,GPON04ONU66,87.74000000000001,110,0.045768772348033365,NORMAL,1
OLT VSOL FLOR A,GPON03ONU35,87.66,104,0.1865186789388197,NORMAL,1
OLT VSOL COLONIAS,GPON08ONU74,87.48,91,0.19280065448595582,NORMAL,1
OLT VSOL FLOR A,GPON05ONU3,87.47,110,0.16331959037105998,NORMAL,1
OLT VSOL CARAQUITA,GPON06ONU38,87.42,85,0.05249217433180833,NORMAL,1
OLT VSOL FLOR A,GPON03ONU11,87.38,106,0.16771348389683283,NORMAL,1
OLT VSOL COLONIAS,GPON08ONU93,87.28,91,0.24277374341449523,NORMAL,1
OLT VSOL COLONIAS,GPON03ONU93,87.2,90,0.04769914694220834,NORMAL,1
OLT VSOL COLONIAS,GPON04ONU12,87.18,91,0.29155555555555557,NORMAL,1
OLT VSOL COLONIAS,GPON06ONU81,87.15,91,0.13996075866579463,NORMAL,1
OLT VSOL COLONIAS,GPON02ONU49,87.1,91,0.342478421701603,NORMAL,1
OLT VSOL COLONIAS,GPON07ONU64,87.0,81,0.4380165289256198,NORMAL,1
OLT VSOL COLONIAS,GPON01ONU62,87.0,85,0.1381475667189953,NORMAL,1
OLT VSOL FLOR A,GPON03ONU56,86.78999999999999,109,0.0638636920813925,NORMAL,1
OLT VSOL COLONIAS,GPON02ONU8,86.52000000000001,91,0.16243450221684802,NORMAL,1
OLT VSOL COLONIAS,GPON01ONU17,86.48,91,0.2377272076713897,NORMAL,1
OLT VSOL FLOR A,GPON05ONU31,86.38,96,0.13092432573972246,NORMAL,1
OLT VSOL CARAQUITA,GPON03ONU18,86.33000000000001,89,0.062392320945114446,NORMAL,1
OLT VSOL COLONIAS,GPON07ONU72,86.26,74,0.04900887753861121,NORMAL,1
OLT VSOL COLONIAS,GPON08ONU121,86.21000000000001,91,0.9359982034583426,CRITICO,-1
OLT VSOL COLONIAS,GPON06ONU57,86.19,91,0.3049205147615443,NORMAL,1
OLT VSOL COLONIAS,GPON07ONU16,86.11,91,0.37996794871794876,NORMAL,1
OLT VSOL COLONIAS,GPON05ONU69,86.05000000000001,91,0.1353740599023618,NORMAL,1
OLT VSOL COLONIAS,GPON01ONU106,85.96000000000001,86,0.44494873087913933,NORMAL,1
OLT VSOL COLONIAS,GPON03ONU101,85.55,91,0.31797873979356034,NORMAL,1
OLT VSOL FLOR A,GPON06ONU10,85.38,98,0.1914596706670388,NORMAL,1
OLT VSOL FLOR A,GPON04ONU65,85.14999999999999,107,0.04235524544007835,NORMAL,1
OLT VSOL COLONIAS,GPON07ONU14,85.03,91,0.13282707167599253,NORMAL,1
OLT VSOL FLOR A,GPON04ONU88,84.99,101,0.407818452873944,NORMAL,1
OLT VSOL FLOR A,GPON06ONU74,84.94,88,0.10598958333333335,NORMAL,1
OLT VSOL COLONIAS,GPON03ONU40,84.83,90,0.046250616674889,NORMAL,1
OLT VSOL COLONIAS,GPON04ONU9,84.71000000000001,107,0.2113542113542113,NORMAL,1
OLT VSOL COLONIAS,GPON02ONU88,84.66,91,0.3608744574827198,NORMAL,1
OLT VSOL COLONIAS,GPON01ONU96,84.46,90,0.3261108494269116,NORMAL,1
OLT VSOL COLONIAS,GPON06ONU72,84.33,91,0.052546180728906634,NORMAL,1
OLT VSOL FLOR A,GPON03ONU63,84.05,98,0.5640119091924078,NORMAL,1
OLT VSOL COLONIAS,GPON08ONU28,83.44999999999999,91,0.05206757438224912,NORMAL,1
OLT VSOL COLONIAS,GPON02ONU30,83.29,91,0.09018324607329842,NORMAL,1
OLT VSOL CARAQUITA,GPON02ONU16,83.00999999999999,77,0.5650452488687783,NORMAL,1
OLT VSOL FLOR A,GPON03ONU96,82.82000000000001,99,0.06781846312532233,NORMAL,1
OLT VSOL COLONIAS,GPON08ONU107,82.61000000000001,91,0.1860732232591529,NORMAL,1
OLT VSOL COLONIAS,GPON07ONU7,82.6,91,0.3889355977803935,NORMAL,1
OLT VSOL FLOR A,GPON06ONU27,82.45,72,0.19666182873730043,NORMAL,1
OLT VSOL FLOR A,GPON03ONU12,82.45,111,0.08974358974358974,NORMAL,1
OLT VSOL COLONIAS,GPON06ONU13,82.25999999999999,91,0.16647759500850823,NORMAL,1
OLT VSOL COLONIAS,GPON07ONU65,82.21,91,0.04953402272437125,NORMAL,1
OLT VSOL COLONIAS,GPON04ONU57,82.19,110,0.07157757496740548,NORMAL,1
OLT VSOL COLONIAS,GPON05ONU40,82.17,91,0.03540826612903226,NORMAL,1
OLT VSOL COLONIAS,GPON07ONU9,81.7,91,0.09006004002668445,NORMAL,1
OLT VSOL FLOR A,GPON06ONU45,81.53,109,0.060621829062052816,NORMAL,1
OLT VSOL COLONIAS,GPON03ONU125,81.48,91,0.14406065711878685,NORMAL,1
OLT VSOL COLONIAS,GPON01ONU10,81.31,91,0.16942327053070616,NORMAL,1
OLT VSOL COLONIAS,GPON02ONU28,81.28999999999999,91,0.15043872063402208,NORMAL,1
OLT VSOL COLONIAS,GPON01ONU49,81.22999999999999,91,0.07404469126008198,NORMAL,1
OLT VSOL COLONIAS,GPON03ONU31,81.16,91,0.5860855970295095,NORMAL,1
OLT VSOL COLONIAS,GPON03ONU97,81.06,91,0.13418217433888344,NORMAL,1
OLT VSOL COLONIAS,GPON07ONU17,81.0,81,0.2471131639722864,NORMAL,1
OLT VSOL COLONIAS,GPON03ONU91,80.98,91,0.08276507554485894,NORMAL,1
OLT VSOL FLOR A,GPON05ONU67,80.83,79,0.35552574207613613,NORMAL,1
OLT VSOL FLOR A,GPON06ONU18,80.77,107,0.05485176962256759,NORMAL,1
OLT VSOL COLONIAS,GPON06ONU7,80.73,88,0.13752289699873185,NORMAL,1
OLT VSOL COLONIAS,GPON06ONU78,80.46,90,0.06386354621182071,NORMAL,1
OLT VSOL COLONIAS,GPON07ONU44,80.31,91,0.07798657718120805,NORMAL,1
OLT VSOL COLONIAS,GPON01ONU20,80.31,83,0.14564907275320974,NORMAL,1
OLT VSOL FLOR A,GPON03ONU94,80.3,107,0.04448491155046826,NORMAL,1
OLT VSOL COLONIAS,GPON08ONU6,80.17,81,0.2495324189526185,NORMAL,1
OLT VSOL COLONIAS,GPON02ONU59,80.1,91,0.35739705134722927,NORMAL,1
OLT VSOL CARAQUITA,GPON02ONU19,79.98,79,0.15079136690647482,NORMAL,1
OLT VSOL FLOR A,GPON06ONU2,79.97,107,0.14833429063756462,NORMAL,1
OLT VSOL COLONIAS,GPON01ONU104,79.95,90,0.16528202885876694,NORMAL,1
OLT VSOL COLONIAS,GPON04ONU45,79.91,110,0.08279132791327914,NORMAL,1
OLT VSOL FLOR A,GPON05ONU15,79.9,110,0.13012729844413012,NORMAL,1
OLT VSOL COLONIAS,GPON08ONU95,79.88999999999999,88,0.03323848939472323,NORMAL,1
OLT VSOL COLONIAS,GPON02ONU82,79.85000000000001,91,0.08007574732855403,NORMAL,1
OLT VSOL COLONIAS,GPON03ONU92,79.84,91,0.210797694874128,NORMAL,1
OLT VSOL COLONIAS,GPON08ONU64,79.64,91,0.10903773847653529,NORMAL,1
OLT VSOL CARAQUITA,GPON03ONU25,79.53,89,0.3465966813410091,NORMAL,1
OLT VSOL COLONIAS,GPON08ONU42,79.41,81,0.39732535632588417,NORMAL,1
OLT VSOL FLOR A,GPON03ONU89,79.36999999999999,107,0.19371334035193266,NORMAL,1
OLT VSOL FLOR A,GPON05ONU78,79.31,73,0.3992589978828511,NORMAL,1
OLT VSOL COLONIAS,GPON01ONU16,79.21,85,0.056133333333333334,NORMAL,1
OLT VSOL COLONIAS,GPON02ONU16,79.19,91,0.07551269862827652,NORMAL,1
OLT VSOL FLOR A,GPON06ONU7,78.99,112,0.04830789648307897,NORMAL,1
OLT VSOL CARAQUITA,GPON02ONU40,78.92,89,0.41891405969075873,NORMAL,1
OLT VSOL COLONIAS,GPON05ONU21,78.9,69,0.0791957324579401,NORMAL,1
OLT VSOL COLONIAS,GPON07ONU40,78.86,81,0.24601042818770738,NORMAL,1
OLT VSOL COLONIAS,GPON08ONU111,78.82,81,0.05571926064827217,NORMAL,1
OLT VSOL COLONIAS,GPON01ONU84,78.81,84,0.1367373431414972,NORMAL,1
OLT VSOL COLONIAS,GPON06ONU35,78.66,91,0.3040450928381963,NORMAL,1
OLT VSOL FLOR A,GPON03ONU28,78.64999999999999,111,0.12100912200684151,NORMAL,1
OLT VSOL COLONIAS,GPON08ONU5,78.6,91,0.13387189844200809,NORMAL,1
OLT VSOL CARAQUITA,GPON03ONU11,78.56,87,0.5278101905873201,NORMAL,1
OLT VSOL COLONIAS,GPON05ONU68,78.17,108,0.041572285143237846,NORMAL,1
OLT VSOL FLOR A,GPON05ONU37,78.05,112,0.05629990526458249,NORMAL,1
OLT VSOL FLOR A,GPON05ONU72,78.0,101,0.03958416633346661,NORMAL,1
OLT VSOL COLONIAS,GPON07ONU111,77.89,91,0.050296655879180155,NORMAL,1
OLT VSOL COLONIAS,GPON05ONU15,77.88,82,0.05499864535356272,NORMAL,1
OLT VSOL COLONIAS,GPON02ONU40,77.7,91,0.13414100131367682,NORMAL,1
OLT VSOL COLONIAS,GPON03ONU8,77.46000000000001,91,0.3137720488466757,NORMAL,1
OLT VSOL COLONIAS,GPON03ONU108,77.25999999999999,91,0.06993491206204128,NORMAL,1
OLT VSOL COLONIAS,GPON01ONU56,77.25,90,0.1368653421633554,NORMAL,1
OLT VSOL COLONIAS,GPON08ONU69,77.03,91,0.17638973732437385,NORMAL,1
OLT VSOL FLOR A,GPON08ONU6,77.0,112,0.05493903274421154,NORMAL,1
OLT VSOL COLONIAS,GPON04ONU2,76.96,105,0.14116251482799524,NORMAL,1
OLT VSOL COLONIAS,GPON03ONU36,76.78999999999999,91,0.3237372866747113,NORMAL,1
OLT VSOL COLONIAS,GPON07ONU62,76.69,91,0.19940569283703471,NORMAL,1
OLT VSOL COLONIAS,GPON04ONU44,76.67,107,0.14364558472553698,NORMAL,1
OLT VSOL FLOR A,GPON03ONU92,76.61,109,0.101509705248023,NORMAL,1
OLT VSOL COLONIAS,GPON01ONU32,76.48,87,0.5795125980999587,NORMAL,1
OLT VSOL COLONIAS,GPON01ONU77,76.44,87,0.13817748659916618,NORMAL,1
OLT VSOL COLONIAS,GPON07ONU54,76.43,89,0.2124048223350254,NORMAL,1
OLT VSOL COLONIAS,GPON05ONU117,76.41,91,0.1516201959306707,NORMAL,1
OLT VSOL COLONIAS,GPON03ONU19,76.38,91,0.40095377842993396,NORMAL,1
OLT VSOL CARAQUITA,GPON06ONU6,76.35,90,0.38165038002171553,NORMAL,1
OLT VSOL COLONIAS,GPON06ONU22,75.99,81,0.35502853067047074,NORMAL,1
OLT VSOL COLONIAS,GPON02ONU43,75.91,91,0.042290265000686535,NORMAL,1
OLT VSOL FLOR A,GPON05ONU18,75.75,105,0.0734022955930282,NORMAL,1
OLT VSOL FLOR A,GPON06ONU44,75.52,107,0.05107863604732081,NORMAL,1
OLT VSOL FLOR A,GPON03ONU17,75.47000000000001,102,0.056558868822623544,NORMAL,1
OLT VSOL FLOR A,GPON05ONU21,75.41,107,0.17333125875213942,NORMAL,1
OLT VSOL FLOR A,GPON03ONU104,75.39999999999999,107,0.099927060539752,NORMAL,1
OLT VSOL COLONIAS,GPON08ONU33,75.35000000000001,91,0.05296254891000559,NORMAL,1
OLT VSOL COLONIAS,GPON05ONU58,75.26,91,0.3287429378531074,NORMAL,1
OLT VSOL FLOR A,GPON06ONU43,75.11,98,0.23191733639494835,NORMAL,1
OLT VSOL COLONIAS,GPON07ONU89,75.10000000000001,91,0.22712418300653595,NORMAL,1
OLT VSOL FLOR A,GPON06ONU69,75.05999999999999,106,0.02681258549931601,NORMAL,1
OLT VSOL COLONIAS,GPON01ONU50,75.03,84,0.06834686031610422,NORMAL,1
OLT VSOL FLOR A,GPON04ONU58,75.01,109,0.328786536758193,NORMAL,1
OLT VSOL COLONIAS,GPON07ONU95,75.0,91,0.07712193020249893,NORMAL,1
OLT VSOL COLONIAS,GPON08ONU39,74.77,91,0.12453000451195669,NORMAL,1
OLT VSOL COLONIAS,GPON04ONU27,74.62,104,0.12616963477210985,NORMAL,1
OLT VSOL CARAQUITA,GPON03ONU2,74.59,87,0.050119667746022806,NORMAL,1
OLT VSOL COLONIAS,GPON06ONU19,74.44,91,0.30527792389970193,NORMAL,1
OLT VSOL COLONIAS,GPON03ONU34,74.1,84,0.3581378299120234,NORMAL,1
OLT VSOL FLOR A,GPON03ONU54,74.06,110,0.12331260427726376,NORMAL,1
OLT VSOL COLONIAS,GPON03ONU10,74.05,91,0.21532906614147382,NORMAL,1
OLT VSOL COLONIAS,GPON06ONU39,73.88,91,1.079369546861807,CRITICO,-1
OLT VSOL COLONIAS,GPON06ONU48,73.88,80,0.6956621528574707,NORMAL,1
OLT VSOL COLONIAS,GPON02ONU18,73.84,91,0.08988929889298893,NORMAL,1
OLT VSOL COLONIAS,GPON05ONU45,73.61,91,0.2772861356932153,NORMAL,1
OLT VSOL CARAQUITA,GPON06ONU27,73.41,91,0.27006920415224916,NORMAL,1
OLT VSOL COLONIAS,GPON01ONU35,73.3,80,0.3385682980277575,NORMAL,1
OLT VSOL COLONIAS,GPON05ONU8,73.29,91,0.09731995807755651,NORMAL,1
OLT VSOL COLONIAS,GPON03ONU32,73.13,91,0.04845878136200717,NORMAL,1
OLT VSOL COLONIAS,GPON02ONU31,72.88,91,0.1373283395755306,NORMAL,1
OLT VSOL FLOR A,GPON03ONU83,72.74,108,0.05435570372517757,NORMAL,1
OLT VSOL CARAQUITA,GPON03ONU15,72.57,87,0.24583690987124465,NORMAL,1
OLT VSOL COLONIAS,GPON06ONU8,72.56,91,0.2790410717433457,NORMAL,1
OLT VSOL COLONIAS,GPON08ONU35,72.53999999999999,81,0.10900473933649289,NORMAL,1
OLT VSOL COLONIAS,GPON02ONU44,72.41,91,0.05338958393948211,NORMAL,1
OLT VSOL COLONIAS,GPON05ONU112,72.35000000000001,76,0.0769574278058946,NORMAL,1
OLT VSOL COLONIAS,GPON02ONU51,72.3,91,0.04737070838765754,NORMAL,1
OLT VSOL COLONIAS,GPON05ONU50,72.27,107,0.18184791496320524,NORMAL,1
OLT VSOL FLOR A,GPON06ONU11,72.16,111,0.21686340640809443,NORMAL,1
OLT VSOL COLONIAS,GPON02ONU74,71.96,91,0.028587764436821043,NORMAL,1
OLT VSOL COLONIAS,GPON07ONU120,71.95,91,0.13736958583623143,NORMAL,1
OLT VSOL CARAQUITA,GPON03ONU14,71.64999999999999,86,0.0784166164960867,NORMAL,1
OLT VSOL COLONIAS,GPON04ONU59,71.56,111,0.07641395908543923,NORMAL,1
OLT VSOL COLONIAS,GPON08ONU106,71.55999999999999,91,0.045281916447560626,NORMAL,1
OLT VSOL COLONIAS,GPON04ONU32,71.48,91,0.03850065378468691,NORMAL,1
OLT VSOL COLONIAS,GPON05ONU113,71.47,89,0.3738946559015763,NORMAL,1
OLT VSOL COLONIAS,GPON06ONU2,71.39999999999999,91,0.09727985246657447,NORMAL,1
OLT VSOL COLONIAS,GPON05ONU11,71.37,91,0.17057569296375266,NORMAL,1
OLT VSOL FLOR A,GPON04ONU62,71.3,110,0.1194850054953682,NORMAL,1
OLT VSOL COLONIAS,GPON08ONU25,71.09,91,0.09083934325609942,NORMAL,1
OLT VSOL COLONIAS,GPON03ONU86,70.89,91,0.07719191612216988,NORMAL,1
OLT VSOL FLOR A,GPON03ONU90,70.77,97,0.04519273371732389,NORMAL,1
OLT VSOL COLONIAS,GPON05ONU34,70.59,91,0.060546875,NORMAL,1
OLT VSOL COLONIAS,GPON02ONU50,70.54,91,0.1466189856957087,NORMAL,1
OLT VSOL COLONIAS,GPON06ONU24,70.5,91,0.3264346190028222,NORMAL,1
OLT VSOL CARAQUITA,GPON01ONU11,70.49,88,0.3121742367833209,NORMAL,1
OLT VSOL CARAQUITA,GPON03ONU35,70.19000000000001,83,0.06915460776846914,NORMAL,1
OLT VSOL FLOR A,GPON03ONU1,70.18,108,0.2572554639914009,NORMAL,1
OLT VSOL FLOR A,GPON03ONU31,70.14999999999999,110,0.06433014717038386,NORMAL,1
OLT VSOL CARAQUITA,GPON06ONU1,70.14,76,0.18060932502945634,NORMAL,1
OLT VSOL CARAQUITA,GPON06ONU12,69.9,86,0.13326848249027237,NORMAL,1
OLT VSOL COLONIAS,GPON02ONU33,69.87,91,0.05416415208207604,NORMAL,1
OLT VSOL FLOR A,GPON05ONU5,69.77,111,0.11757168028191574,NORMAL,1
OLT VSOL FLOR A,GPON03ONU57,69.44,112,0.06552094522019333,NORMAL,1
OLT VSOL FLOR A,GPON05ONU40,69.31,107,0.05494672754946727,NORMAL,1
OLT VSOL CARAQUITA,GPON02ONU39,69.3,83,0.07458520700883858,NORMAL,1
OLT VSOL COLONIAS,GPON06ONU62,69.21,91,0.11180722891566265,NORMAL,1
OLT VSOL COLONIAS,GPON06ONU43,68.81,84,0.2389268995318689,NORMAL,1
OLT VSOL FLOR A,GPON06ONU17,68.8,109,0.20279720279720279,NORMAL,1
OLT VSOL COLONIAS,GPON01ONU29,68.59,81,0.11419753086419752,NORMAL,1
OLT VSOL COLONIAS,GPON08ONU17,68.55,91,0.236248872858431,NORMAL,1
OLT VSOL COLONIAS,GPON08ONU96,68.37,91,0.04781609195402299,NORMAL,1
OLT VSOL COLONIAS,GPON01ONU67,68.3,82,0.15177065767284992,NORMAL,1
OLT VSOL COLONIAS,GPON01ONU57,68.25,80,0.2624861265260821,NORMAL,1
OLT VSOL FLOR A,GPON05ONU65,68.22999999999999,91,0.031755632844397405,NORMAL,1
OLT VSOL FLOR A,GPON05ONU13,68.18,103,0.42695688572624524,NORMAL,1
OLT VSOL CARAQUITA,GPON01ONU3,68.06,85,0.27143657762002615,NORMAL,1
OLT VSOL COLONIAS,GPON08ONU55,67.96,91,0.15735694822888285,NORMAL,1
OLT VSOL COLONIAS,GPON03ONU75,67.73,91,0.049589338292267165,NORMAL,1
OLT VSOL COLONIAS,GPON05ONU1,67.59,91,0.09121730707135939,NORMAL,1
OLT VSOL COLONIAS,GPON07ONU80,67.59,81,0.07030878859857483,NORMAL,1
OLT VSOL FLOR A,GPON03ONU30,67.54,108,0.6031331592689295,CRITICO,-1
OLT VSOL COLONIAS,GPON02ONU26,67.47,91,0.05851898336994038,NORMAL,1
OLT VSOL CARAQUITA,GPON01ONU117,67.4,79,0.046258925799441165,NORMAL,1
OLT VSOL FLOR A,GPON06ONU70,67.36,111,0.059619317288028946,NORMAL,1
OLT VSOL COLONIAS,GPON07ONU33,67.33,91,0.041292916795545934,NORMAL,1
OLT VSOL FLOR A,GPON04ONU84,67.19999999999999,98,0.044289044289044295,NORMAL,1
OLT VSOL COLONIAS,GPON08ONU66,66.94,91,0.1048027727347747,NORMAL,1
OLT VSOL COLONIAS,GPON03ONU89,66.92,91,0.07831131163390267,NORMAL,1
OLT VSOL COLONIAS,GPON01ONU28,66.66,91,0.10989010989010987,NORMAL,1
OLT VSOL COLONIAS,GPON05ONU19,66.63,86,0.06403704886617693,NORMAL,1
OLT VSOL COLONIAS,GPON08ONU97,66.59,91,0.17983699503897946,NORMAL,1
OLT VSOL COLONIAS,GPON02ONU89,66.25999999999999,81,0.23573293547183888,NORMAL,1
OLT VSOL COLONIAS,GPON07ONU56,66.15,90,0.11513823331085637,NORMAL,1
OLT VSOL COLONIAS,GPON08ONU10,66.08,91,0.29874213836477986,NORMAL,1
OLT VSOL COLONIAS,GPON06ONU66,65.95,91,0.05994856959177113,NORMAL,1
OLT VSOL COLONIAS,GPON05ONU70,65.78,91,0.07853746515822266,NORMAL,1
OLT VSOL COLONIAS,GPON06ONU77,65.77,91,0.0572255264426941,NORMAL,1
OLT VSOL COLONIAS,GPON04ONU55,65.66,109,0.14072272411396802,NORMAL,1
OLT VSOL FLOR A,GPON06ONU5,65.49000000000001,100,0.24175199089874858,NORMAL,1
OLT VSOL COLONIAS,GPON05ONU106,65.45,84,0.09704994971505197,NORMAL,1
OLT VSOL COLONIAS,GPON05ONU7,65.39999999999999,91,0.18650217706821481,NORMAL,1
OLT VSOL FLOR A,GPON06ONU62,65.36,88,0.05402354458958233,NORMAL,1
OLT VSOL FLOR A,GPON05ONU38,65.35,79,0.46360582306830905,NORMAL,1
OLT VSOL COLONIAS,GPON01ONU45,65.35,63,0.7657389894623076,CRITICO,-1
OLT VSOL COLONIAS,GPON02ONU48,65.25,91,0.06862102849656077,NORMAL,1
OLT VSOL FLOR A,GPON03ONU70,64.9,91,0.28362341772151894,NORMAL,1
OLT VSOL COLONIAS,GPON08ONU31,64.7,91,0.050665800584605396,NORMAL,1
OLT VSOL FLOR A,GPON04ONU53,64.66,106,0.11791147994467496,NORMAL,1
OLT VSOL FLOR A,GPON05ONU58,64.61,110,0.1126226967453074,NORMAL,1
OLT VSOL COLONIAS,GPON07ONU47,64.58,91,0.15693299892511645,NORMAL,1
OLT VSOL COLONIAS,GPON08ONU19,64.55,91,0.08963538149898716,NORMAL,1
OLT VSOL COLONIAS,GPON03ONU57,64.5,91,0.052889324191968665,NORMAL,1
OLT VSOL CARAQUITA,GPON01ONU1,64.49,78,0.1132401173830485,NORMAL,1
OLT VSOL COLONIAS,GPON03ONU39,64.32,91,0.26290987630080503,NORMAL,1
OLT VSOL CARAQUITA,GPON03ONU43,64.27,83,0.22070275403608736,NORMAL,1
OLT VSOL COLONIAS,GPON02ONU70,64.25,90,0.05935696619950536,NORMAL,1
OLT VSOL COLONIAS,GPON04ONU5,64.24,103,0.03864187550525465,NORMAL,1
OLT VSOL COLONIAS,GPON01ONU69,64.13,76,0.47764976958525346,NORMAL,1
OLT VSOL COLONIAS,GPON08ONU83,64.11,91,0.16542446827849483,NORMAL,1
OLT VSOL COLONIAS,GPON07ONU5,64.07,81,0.08317836010143703,NORMAL,1
OLT VSOL COLONIAS,GPON07ONU112,64.02,91,0.05504284772577455,NORMAL,1
OLT VSOL COLONIAS,GPON07ONU19,64.0,91,0.2749003984063745,NORMAL,1
OLT VSOL COLONIAS,GPON05ONU41,63.769999999999996,91,0.05579470198675497,NORMAL,1
OLT VSOL FLOR A,GPON04ONU80,63.72,98,0.4386994806954166,NORMAL,1
OLT VSOL FLOR A,GPON08ONU5,63.56,111,0.13156489229125867,NORMAL,1
OLT VSOL COLONIAS,GPON01ONU101,63.510000000000005,86,0.03234720416124837,NORMAL,1
OLT VSOL COLONIAS,GPON02ONU79,63.35,91,0.03665521191294387,NORMAL,1
OLT VSOL COLONIAS,GPON07ONU13,63.32,91,0.05992634750585872,NORMAL,1
OLT VSOL COLONIAS,GPON07ONU38,63.2,91,0.09494109494109496,NORMAL,1
OLT VSOL FLOR A,GPON05ONU23,63.0,95,0.05740181268882175,NORMAL,1
OLT VSOL FLOR A,GPON05ONU34,62.769999999999996,107,0.15364822642896525,NORMAL,1
OLT VSOL COLONIAS,GPON05ONU72,62.699999999999996,91,0.07363013698630137,NORMAL,1
OLT VSOL COLONIAS,GPON05ONU125,62.690000000000005,91,0.1589942688112405,NORMAL,1
OLT VSOL FLOR A,GPON06ONU67,62.63,73,0.047149306136097635,NORMAL,1
OLT VSOL COLONIAS,GPON07ONU1,62.629999999999995,91,0.07759807295251205,NORMAL,1
OLT VSOL CARAQUITA,GPON01ONU89,62.59,88,0.11271111111111111,NORMAL,1
OLT VSOL FLOR A,GPON03ONU7,62.51,105,0.13345421577515867,NORMAL,1
OLT VSOL COLONIAS,GPON03ONU64,62.410000000000004,91,0.2937396351575456,NORMAL,1
OLT VSOL COLONIAS,GPON03ONU25,62.300000000000004,91,0.07710926694329183,NORMAL,1
OLT VSOL CARAQUITA,GPON03ONU30,62.0,78,0.051560379918588875,NORMAL,1
OLT VSOL COLONIAS,GPON06ONU42,61.620000000000005,91,0.09624621953389077,NORMAL,1
OLT VSOL COLONIAS,GPON08ONU98,61.54,81,0.10962856112513523,NORMAL,1
OLT VSOL COLONIAS,GPON02ONU81,61.25,90,0.0441527446300716,NORMAL,1
OLT VSOL CARAQUITA,GPON03ONU38,61.239999999999995,87,0.3301476976542137,NORMAL,1
OLT VSOL COLONIAS,GPON06ONU67,61.08,91,0.20378399684666929,NORMAL,1
OLT VSOL COLONIAS,GPON01ONU80,61.019999999999996,88,0.4118463674224896,NORMAL,1
OLT VSOL COLONIAS,GPON06ONU20,60.959999999999994,91,0.1109896118097321,NORMAL,1
OLT VSOL COLONIAS,GPON03ONU70,60.82,91,0.06106071179344034,NORMAL,1
OLT VSOL COLONIAS,GPON05ONU46,60.739999999999995,105,0.1872556684910086,NORMAL,1
OLT VSOL COLONIAS,GPON01ONU21,60.68,67,0.05640668523676881,NORMAL,1
OLT VSOL COLONIAS,GPON03ONU4,60.58,91,0.04502328790753838,NORMAL,1
OLT VSOL CARAQUITA,GPON02ONU1,60.54,48,0.4065985130111524,CRITICO,-1
OLT VSOL COLONIAS,GPON08ONU4,60.519999999999996,91,0.27760185771585394,NORMAL,1
OLT VSOL COLONIAS,GPON07ONU76,60.49,81,0.12770320656226697,NORMAL,1
OLT VSOL COLONIAS,GPON03ONU103,60.370000000000005,91,0.033378979801437864,NORMAL,1
OLT VSOL COLONIAS,GPON05ONU29,60.36,91,0.1782158891274644,NORMAL,1
OLT VSOL CARAQUITA,GPON03ONU13,60.33,85,0.1238822652757079,NORMAL,1
OLT VSOL COLONIAS,GPON02ONU69,60.010000000000005,90,0.11088485746019992,NORMAL,1
OLT VSOL FLOR A,GPON06ONU55,60.010000000000005,101,0.061748053786270345,NORMAL,1
OLT VSOL CARAQUITA,GPON01ONU6,59.86,89,0.12603461249059444,NORMAL,1
OLT VSOL COLONIAS,GPON01ONU4,59.760000000000005,91,0.1172181716208637,NORMAL,1
OLT VSOL COLONIAS,GPON03ONU76,59.709999999999994,91,0.06397006414825374,NORMAL,1
OLT VSOL COLONIAS,GPON06ONU73,59.660000000000004,91,0.08295516427663822,NORMAL,1
OLT VSOL FLOR A,GPON04ONU43,59.64,113,0.16643849012321532,NORMAL,1
OLT VSOL CARAQUITA,GPON03ONU24,59.51,89,0.11275243081525806,NORMAL,1
OLT VSOL COLONIAS,GPON03ONU30,59.47,91,0.11534133533383346,NORMAL,1
OLT VSOL COLONIAS,GPON08ONU3,59.45,89,0.1347585417064325,NORMAL,1
OLT VSOL COLONIAS,GPON07ONU37,59.3,59,0.08887256702166728,NORMAL,1
OLT VSOL CARAQUITA,GPON03ONU23,59.08,84,0.11261770244821093,NORMAL,1
OLT VSOL FLOR A,GPON04ONU52,59.06,105,0.09838199739631764,NORMAL,1
OLT VSOL COLONIAS,GPON07ONU98,58.980000000000004,91,0.043339819564832835,NORMAL,1
OLT VSOL FLOR A,GPON05ONU27,58.949999999999996,95,0.18707209021345148,NORMAL,1
OLT VSOL COLONIAS,GPON05ONU79,58.92,90,0.05440229062276306,NORMAL,1
OLT VSOL COLONIAS,GPON07ONU55,58.73,91,0.28063672045355426,NORMAL,1
OLT VSOL COLONIAS,GPON05ONU32,58.7,91,0.09006499535747446,NORMAL,1
OLT VSOL CARAQUITA,GPON01ONU28,58.56,85,0.16606929510155316,NORMAL,1
OLT VSOL FLOR A,GPON03ONU53,58.47,105,0.258772874058127,NORMAL,1
OLT VSOL COLONIAS,GPON03ONU126,58.39,91,0.1335662978062512,NORMAL,1
OLT VSOL COLONIAS,GPON02ONU65,58.31,91,0.03791384834460662,NORMAL,1
OLT VSOL FLOR A,GPON06ONU41,58.31,102,0.05729827742520399,NORMAL,1
OLT VSOL COLONIAS,GPON08ONU63,58.290000000000006,91,0.11282932416953036,NORMAL,1
OLT VSOL COLONIAS,GPON01ONU11,58.22,91,0.05528366866050389,NORMAL,1
OLT VSOL COLONIAS,GPON05ONU16,58.120000000000005,91,0.044009340758038445,NORMAL,1
OLT VSOL COLONIAS,GPON03ONU111,58.08,91,0.28637873754152826,NORMAL,1
OLT VSOL FLOR A,GPON03ONU13,58.0,61,0.056273902749954474,NORMAL,1
OLT VSOL CARAQUITA,GPON03ONU40,58.0,86,0.14466153542530097,NORMAL,1
OLT VSOL COLONIAS,GPON04ONU15,57.730000000000004,99,0.047921582864403706,NORMAL,1
OLT VSOL COLONIAS,GPON04ONU48,57.699999999999996,103,0.23766623766623768,NORMAL,1
OLT VSOL COLONIAS,GPON08ONU105,57.59,84,0.06529781724010358,NORMAL,1
OLT VSOL CARAQUITA,GPON06ONU10,57.559999999999995,91,0.06988847583643122,NORMAL,1
OLT VSOL FLOR A,GPON04ONU74,57.28,104,0.06626954579300075,NORMAL,1
OLT VSOL COLONIAS,GPON08ONU53,57.150000000000006,91,0.12014896119168952,NORMAL,1
OLT VSOL FLOR A,GPON03ONU62,57.12,106,0.08945260347129506,NORMAL,1
OLT VSOL CARAQUITA,GPON02ONU20,57.1,82,0.09871079468924379,NORMAL,1
OLT VSOL COLONIAS,GPON04ONU33,57.050000000000004,91,0.13713374526609526,NORMAL,1
OLT VSOL COLONIAS,GPON06ONU11,57.019999999999996,89,0.22150814053127676,NORMAL,1
OLT VSOL CARAQUITA,GPON06ONU3,56.92,89,0.08007590132827323,NORMAL,1
OLT VSOL COLONIAS,GPON04ONU31,56.88,91,0.657825706791023,NORMAL,1
OLT VSOL COLONIAS,GPON05ONU14,56.769999999999996,90,0.07376584074144127,NORMAL,1
OLT VSOL FLOR A,GPON04ONU78,56.75,108,0.08716475095785439,NORMAL,1
OLT VSOL COLONIAS,GPON05ONU116,56.54,91,0.1110237767734329,NORMAL,1
OLT VSOL COLONIAS,GPON07ONU48,56.54,91,0.19106804297451022,NORMAL,1
OLT VSOL COLONIAS,GPON08ONU89,56.52,90,0.058030700112317486,NORMAL,1
OLT VSOL FLOR A,GPON06ONU22,56.519999999999996,93,0.03157510494615806,NORMAL,1
OLT VSOL CARAQUITA,GPON03ONU36,56.519999999999996,68,0.03687396807925151,NORMAL,1
OLT VSOL CARAQUITA,GPON01ONU15,56.44,82,0.7974522292993631,CRITICO,-1
OLT VSOL CARAQUITA,GPON02ONU68,56.43,71,0.027868852459016394,NORMAL,1
OLT VSOL FLOR A,GPON05ONU74,56.410000000000004,96,0.14236533009315513,NORMAL,1
OLT VSOL FLOR A,GPON05ONU24,56.370000000000005,98,0.5161377084454007,NORMAL,1
OLT VSOL COLONIAS,GPON03ONU47,56.230000000000004,90,0.13116073224703279,NORMAL,1
OLT VSOL FLOR A,GPON04ONU86,56.03,106,0.09669211195928754,NORMAL,1
OLT VSOL COLONIAS,GPON05ONU109,55.81,91,0.040648890546336004,NORMAL,1
OLT VSOL COLONIAS,GPON02ONU3,55.8,91,0.39395453409942544,NORMAL,1
OLT VSOL COLONIAS,GPON03ONU124,55.71,91,0.04150308468872687,NORMAL,1
OLT VSOL COLONIAS,GPON08ONU70,55.62,91,0.0718828290614762,NORMAL,1
OLT VSOL COLONIAS,GPON07ONU123,55.62,91,0.0812597200622084,NORMAL,1
OLT VSOL COLONIAS,GPON05ONU53,55.54,91,0.04516371847948814,NORMAL,1
OLT VSOL FLOR A,GPON06ONU4,55.519999999999996,103,0.29871345029239765,NORMAL,1
OLT VSOL FLOR A,GPON03ONU6,55.5,98,0.20103873620428475,NORMAL,1
OLT VSOL COLONIAS,GPON03ONU43,55.5,91,0.07662463627546072,NORMAL,1
OLT VSOL COLONIAS,GPON04ONU17,55.43,91,0.06698748796920115,NORMAL,1
OLT VSOL FLOR A,GPON03ONU26,55.34,103,0.3985342431134698,NORMAL,1
OLT VSOL COLONIAS,GPON03ONU77,55.33,91,0.034012334143150816,NORMAL,1
OLT VSOL COLONIAS,GPON04ONU7,55.26,103,0.07866484481748977,NORMAL,1
OLT VSOL COLONIAS,GPON03ONU83,55.019999999999996,91,0.07398008979113802,NORMAL,1
OLT VSOL CARAQUITA,GPON01ONU2,54.95,85,0.05754426481909161,NORMAL,1
OLT VSOL COLONIAS,GPON03ONU82,54.92,91,0.09949949949949949,NORMAL,1
OLT VSOL COLONIAS,GPON08ONU112,54.65,91,0.07156862745098039,NORMAL,1
OLT VSOL COLONIAS,GPON02ONU27,54.65,91,0.04633352479417959,NORMAL,1
OLT VSOL COLONIAS,GPON04ONU43,54.61,91,0.039398553483060525,NORMAL,1
OLT VSOL FLOR A,GPON03ONU29,54.519999999999996,106,0.12644628099173555,NORMAL,1
OLT VSOL FLOR A,GPON04ONU46,54.47,97,0.05766990291262136,NORMAL,1
OLT VSOL COLONIAS,GPON03ONU74,54.38,91,0.05592233009708738,NORMAL,1
OLT VSOL COLONIAS,GPON02ONU64,54.35,70,0.04539334487401423,NORMAL,1
OLT VSOL COLONIAS,GPON02ONU86,54.300000000000004,91,0.04583975346687211,NORMAL,1
OLT VSOL COLONIAS,GPON05ONU80,54.3,91,0.028603902254214813,NORMAL,1
OLT VSOL CARAQUITA,GPON02ONU41,54.28,75,0.16480686695278968,NORMAL,1
OLT VSOL COLONIAS,GPON03ONU52,54.11,91,0.2413397568249598,NORMAL,1
OLT VSOL COLONIAS,GPON01ONU60,53.85,88,0.05402231356429829,NORMAL,1
OLT VSOL CARAQUITA,GPON03ONU41,53.81,84,0.07491010787055533,NORMAL,1
OLT VSOL COLONIAS,GPON07ONU88,53.769999999999996,91,0.09066937119675457,NORMAL,1
OLT VSOL COLONIAS,GPON01ONU111,53.67,91,0.05524970507274873,NORMAL,1
OLT VSOL COLONIAS,GPON08ONU75,53.42,91,0.1863202309571397,NORMAL,1
OLT VSOL COLONIAS,GPON06ONU64,53.39,91,0.06545599680702455,NORMAL,1
OLT VSOL CARAQUITA,GPON06ONU25,53.32,82,0.08838538477240253,NORMAL,1
OLT VSOL COLONIAS,GPON03ONU48,53.269999999999996,91,0.09835051546391751,NORMAL,1
OLT VSOL COLONIAS,GPON06ONU87,53.260000000000005,91,0.23287037037037037,NORMAL,1
OLT VSOL COLONIAS,GPON05ONU63,53.160000000000004,102,0.04914150384843103,NORMAL,1
OLT VSOL COLONIAS,GPON07ONU78,53.0,81,0.13929492691315562,NORMAL,1
OLT VSOL COLONIAS,GPON08ONU22,52.99,91,0.03475883616481156,NORMAL,1
OLT VSOL FLOR A,GPON06ONU60,52.800000000000004,76,0.1709913506320692,NORMAL,1
OLT VSOL FLOR A,GPON05ONU42,52.790000000000006,88,0.35151049667178697,NORMAL,1
OLT VSOL COLONIAS,GPON03ONU79,52.79,91,0.04992044550517104,NORMAL,1
OLT VSOL FLOR A,GPON04ONU75,52.71,102,0.3334176574753352,NORMAL,1
OLT VSOL COLONIAS,GPON01ONU13,52.69,88,0.3077686770910896,NORMAL,1
OLT VSOL COLONIAS,GPON03ONU11,52.63,87,0.15416666666666667,NORMAL,1
OLT VSOL COLONIAS,GPON01ONU19,52.54,91,0.037724669168477186,NORMAL,1
OLT VSOL COLONIAS,GPON03ONU21,52.39,91,0.23503064592173503,NORMAL,1
OLT VSOL COLONIAS,GPON08ONU56,52.32,81,0.537015276145711,NORMAL,1
OLT VSOL FLOR A,GPON06ONU71,52.31,105,0.08369587735653615,NORMAL,1
OLT VSOL COLONIAS,GPON08ONU60,52.24,81,0.07778007014648236,NORMAL,1
OLT VSOL COLONIAS,GPON06ONU79,52.16,91,0.059516554946171044,NORMAL,1
OLT VSOL CARAQUITA,GPON02ONU53,52.07,79,0.07850041425020712,NORMAL,1
OLT VSOL COLONIAS,GPON08ONU84,51.97,91,0.06147875816993464,NORMAL,1
OLT VSOL FLOR A,GPON03ONU88,51.879999999999995,96,0.03141153081510935,NORMAL,1
OLT VSOL COLONIAS,GPON07ONU67,51.82,91,0.06123284865861152,NORMAL,1
OLT VSOL COLONIAS,GPON06ONU3,51.82,86,0.06123284865861152,NORMAL,1
OLT VSOL COLONIAS,GPON04ONU50,51.8,102,0.61875,NORMAL,1
OLT VSOL COLONIAS,GPON07ONU35,51.739999999999995,91,0.10911039657020365,NORMAL,1
OLT VSOL COLONIAS,GPON05ONU124,51.519999999999996,83,0.06446280991735538,NORMAL,1
OLT VSOL COLONIAS,GPON05ONU55,51.43,94,0.07571637732691905,NORMAL,1
OLT VSOL COLONIAS,GPON07ONU99,51.370000000000005,84,0.041143088771787586,NORMAL,1
OLT VSOL CARAQUITA,GPON06ONU13,51.27,89,0.11650696864111497,NORMAL,1
OLT VSOL COLONIAS,GPON08ONU21,51.25,76,0.037869582827055485,NORMAL,1
OLT VSOL COLONIAS,GPON01ONU105,51.24,81,0.45692351435882855,NORMAL,1
OLT VSOL COLONIAS,GPON05ONU66,51.18000000000001,91,0.04257486249745365,NORMAL,1
OLT VSOL COLONIAS,GPON05ONU10,51.11,81,0.06301996672212978,NORMAL,1
OLT VSOL FLOR A,GPON05ONU12,51.03,69,0.46553704767375076,NORMAL,1
OLT VSOL COLONIAS,GPON07ONU102,50.92,81,0.128046078865751,NORMAL,1
OLT VSOL FLOR A,GPON05ONU16,50.83,64,0.020887728459530026,NORMAL,1
OLT VSOL COLONIAS,GPON01ONU99,50.8,83,0.10362806865087985,NORMAL,1
OLT VSOL CARAQUITA,GPON03ONU17,50.769999999999996,67,0.14141187050359713,NORMAL,1
OLT VSOL COLONIAS,GPON03ONU120,50.769999999999996,91,0.07746179966044142,NORMAL,1
OLT VSOL COLONIAS,GPON01ONU58,50.68,71,0.13074520303435966,NORMAL,1
OLT VSOL FLOR A,GPON05ONU8,50.589999999999996,106,0.1437938051096541,NORMAL,1
OLT VSOL COLONIAS,GPON01ONU51,50.57,88,0.10801928133216476,NORMAL,1
OLT VSOL COLONIAS,GPON06ONU55,50.410000000000004,91,0.3025839793281654,NORMAL,1
OLT VSOL CARAQUITA,GPON03ONU1,50.41,87,0.08385293485271984,NORMAL,1
OLT VSOL CARAQUITA,GPON03ONU8,50.27,78,0.1,NORMAL,1
OLT VSOL FLOR A,GPON03ONU100,50.09,99,0.043541666666666666,NORMAL,1
OLT VSOL COLONIAS,GPON01ONU100,49.99,82,0.021872444807849552,NORMAL,1
OLT VSOL FLOR A,GPON05ONU62,49.98,108,0.12289373174567512,NORMAL,1
OLT VSOL CARAQUITA,GPON03ONU27,49.97,89,0.09920809502859657,NORMAL,1
OLT VSOL COLONIAS,GPON05ONU119,49.92,90,0.051611544133136726,NORMAL,1
OLT VSOL COLONIAS,GPON02ONU72,49.92,91,0.06712270200940573,NORMAL,1
OLT VSOL CARAQUITA,GPON02ONU51,49.68,49,0.049873203719357564,NORMAL,1
OLT VSOL FLOR A,GPON03ONU4,49.67,100,0.102797513321492,NORMAL,1
OLT VSOL COLONIAS,GPON01ONU18,49.48,91,0.07799564270152506,NORMAL,1
OLT VSOL COLONIAS,GPON07ONU8,49.36,91,0.04244984160506863,NORMAL,1
OLT VSOL COLONIAS,GPON06ONU6,49.26,78,0.06163793103448276,NORMAL,1
OLT VSOL COLONIAS,GPON01ONU83,49.230000000000004,85,0.05802707930367505,NORMAL,1
OLT VSOL CARAQUITA,GPON03ONU28,49.21,89,0.05827956989247312,NORMAL,1
OLT VSOL COLONIAS,GPON03ONU116,49.18,80,0.0642718026401212,NORMAL,1
OLT VSOL COLONIAS,GPON05ONU5,49.07,91,0.11043222448517764,NORMAL,1
OLT VSOL FLOR A,GPON06ONU6,49.05,111,0.0711945839702992,NORMAL,1
OLT VSOL COLONIAS,GPON07ONU25,48.89,91,0.06886751202448622,NORMAL,1
OLT VSOL CARAQUITA,GPON03ONU42,48.84,87,0.23302196415046708,NORMAL,1
OLT VSOL COLONIAS,GPON03ONU71,48.81999999999999,91,0.07937209816493478,NORMAL,1
OLT VSOL COLONIAS,GPON01ONU91,48.78,81,0.0730312362516498,NORMAL,1
OLT VSOL CARAQUITA,GPON02ONU17,48.69,45,0.21573033707865172,NORMAL,1
OLT VSOL COLONIAS,GPON03ONU61,48.66,91,0.061055385957261225,NORMAL,1
OLT VSOL COLONIAS,GPON07ONU96,48.63,91,0.02703273495248152,NORMAL,1
OLT VSOL COLONIAS,GPON03ONU88,48.62,89,0.09233880026960235,NORMAL,1
OLT VSOL COLONIAS,GPON03ONU123,48.6,91,0.050129645635263606,NORMAL,1
OLT VSOL FLOR A,GPON05ONU44,48.57,110,0.07218543046357616,NORMAL,1
OLT VSOL COLONIAS,GPON05ONU67,48.53,91,0.06776677667766777,NORMAL,1
OLT VSOL COLONIAS,GPON03ONU9,48.48,90,0.0328078397954836,NORMAL,1
OLT VSOL COLONIAS,GPON03ONU51,48.35,75,0.3434287302028341,NORMAL,1
OLT VSOL COLONIAS,GPON08ONU54,48.349999999999994,91,0.04180133591898298,NORMAL,1
OLT VSOL COLONIAS,GPON01ONU14,48.25,91,0.23622854214706637,NORMAL,1
OLT VSOL COLONIAS,GPON05ONU57,48.19,110,0.061453744493392075,NORMAL,1
OLT VSOL COLONIAS,GPON02ONU5,48.14,91,0.08447848614552828,NORMAL,1
OLT VSOL COLONIAS,GPON05ONU60,48.1,104,0.2940543449018025,NORMAL,1
OLT VSOL COLONIAS,GPON05ONU37,47.839999999999996,91,0.08950125256205876,NORMAL,1
OLT VSOL COLONIAS,GPON02ONU84,47.809999999999995,91,0.026406182911120655,NORMAL,1
OLT VSOL FLOR A,GPON04ONU14,47.739999999999995,108,0.05479452054794521,NORMAL,1
OLT VSOL COLONIAS,GPON02ONU20,47.599999999999994,91,0.09753285681346555,NORMAL,1
OLT VSOL CARAQUITA,GPON06ONU29,47.519999999999996,83,0.3612145517043827,NORMAL,1
OLT VSOL COLONIAS,GPON08ONU23,47.5,91,0.08745421245421245,NORMAL,1
OLT VSOL FLOR A,GPON06ONU15,47.410000000000004,107,0.06395870736086176,NORMAL,1
OLT VSOL COLONIAS,GPON03ONU119,47.24,91,0.061096136567834684,NORMAL,1
OLT VSOL FLOR A,GPON03ONU9,47.230000000000004,95,0.17370775347912523,NORMAL,1
OLT VSOL COLONIAS,GPON01ONU54,47.230000000000004,85,0.23026829903620735,NORMAL,1
OLT VSOL COLONIAS,GPON05ONU59,47.23,81,0.07219069239500568,NORMAL,1
OLT VSOL FLOR A,GPON05ONU28,47.099999999999994,107,0.08775981524249422,NORMAL,1
OLT VSOL FLOR A,GPON05ONU80,47.08,108,0.03358946212952799,NORMAL,1
OLT VSOL CARAQUITA,GPON06ONU35,47.059999999999995,87,0.10314111579934367,NORMAL,1
OLT VSOL COLONIAS,GPON05ONU62,46.88,91,0.15581854043392504,NORMAL,1
OLT VSOL COLONIAS,GPON08ONU36,46.87,81,0.04294615042278594,NORMAL,1
OLT VSOL CARAQUITA,GPON02ONU21,46.67,61,0.08737185461323392,NORMAL,1
OLT VSOL CARAQUITA,GPON01ONU103,46.64,80,0.09948137670909947,NORMAL,1
OLT VSOL FLOR A,GPON06ONU20,46.410000000000004,83,0.4236196319018405,NORMAL,1
OLT VSOL CARAQUITA,GPON02ONU11,46.39,88,0.2147158942131448,NORMAL,1
OLT VSOL CARAQUITA,GPON01ONU8,46.230000000000004,87,0.07361820715281003,NORMAL,1
OLT VSOL COLONIAS,GPON03ONU127,46.13,91,0.04272151898734177,NORMAL,1
OLT VSOL FLOR A,GPON04ONU95,46.08,71,0.06150656530753283,NORMAL,1
OLT VSOL COLONIAS,GPON03ONU113,46.08,91,0.07337526205450734,NORMAL,1
OLT VSOL COLONIAS,GPON01ONU70,45.97,85,0.0713120484735493,NORMAL,1
OLT VSOL COLONIAS,GPON01ONU7,45.83,91,0.049461873139455007,NORMAL,1
OLT VSOL COLONIAS,GPON03ONU24,45.78,91,0.08534850640113799,NORMAL,1
OLT VSOL COLONIAS,GPON07ONU11,45.580000000000005,91,0.07728669345308438,NORMAL,1
OLT VSOL COLONIAS,GPON02ONU75,45.43000000000001,91,0.3480712166172107,NORMAL,1
OLT VSOL CARAQUITA,GPON06ONU24,45.3,74,0.17723492723492726,NORMAL,1
OLT VSOL COLONIAS,GPON06ONU28,45.190000000000005,81,0.05117469178878809,NORMAL,1
OLT VSOL FLOR A,GPON04ONU61,45.13,102,0.05517886368950198,NORMAL,1
OLT VSOL COLONIAS,GPON07ONU58,45.11,89,0.2022921108742004,NORMAL,1
OLT VSOL COLONIAS,GPON02ONU63,45.04,91,0.050618147888966646,NORMAL,1
OLT VSOL COLONIAS,GPON07ONU100,44.75,91,0.04678362573099415,NORMAL,1
OLT VSOL COLONIAS,GPON08ONU80,44.51,91,0.15400570391495982,NORMAL,1
OLT VSOL CARAQUITA,GPON03ONU32,44.49,85,0.07959233195826255,NORMAL,1
OLT VSOL COLONIAS,GPON03ONU22,44.42,91,0.29693430656934305,NORMAL,1
OLT VSOL COLONIAS,GPON01ONU68,44.39,65,0.1660099816128185,NORMAL,1
OLT VSOL CARAQUITA,GPON06ONU8,44.06999999999999,84,0.08386620757501231,NORMAL,1
OLT VSOL COLONIAS,GPON03ONU15,44.03,91,0.06713523994183229,NORMAL,1
OLT VSOL COLONIAS,GPON04ONU25,43.84,108,0.07240704500978473,NORMAL,1
OLT VSOL COLONIAS,GPON01ONU81,43.78,64,0.7108245408362642,CRITICO,-1
OLT VSOL CARAQUITA,GPON06ONU22,43.75,58,0.07099143206854344,NORMAL,1
OLT VSOL COLONIAS,GPON03ONU23,43.67,91,0.16889721627408993,NORMAL,1
OLT VSOL COLONIAS,GPON08ONU58,43.66,91,0.24352036456849901,NORMAL,1
OLT VSOL COLONIAS,GPON02ONU41,43.58,91,0.04009546539379475,NORMAL,1
OLT VSOL COLONIAS,GPON06ONU16,43.540000000000006,91,0.11383985674085444,NORMAL,1
OLT VSOL COLONIAS,GPON01ONU9,43.54,80,0.1442838370565046,NORMAL,1
OLT VSOL COLONIAS,GPON03ONU42,43.52,88,0.08070523963248075,NORMAL,1
OLT VSOL COLONIAS,GPON05ONU108,43.38,91,0.09434914228052473,NORMAL,1
OLT VSOL COLONIAS,GPON05ONU65,43.38,91,0.04985479186834463,NORMAL,1
OLT VSOL COLONIAS,GPON05ONU115,43.36,87,0.16559139784946236,NORMAL,1
OLT VSOL COLONIAS,GPON07ONU57,43.339999999999996,91,0.06512656672401082,NORMAL,1
OLT VSOL COLONIAS,GPON03ONU26,43.22,91,0.11391752577319589,NORMAL,1
OLT VSOL FLOR A,GPON04ONU49,43.2,110,0.05314480741101901,NORMAL,1
OLT VSOL COLONIAS,GPON04ONU39,43.0,91,0.07769423558897244,NORMAL,1
OLT VSOL FLOR A,GPON03ONU38,42.97,81,0.06863964188012932,NORMAL,1
OLT VSOL COLONIAS,GPON07ONU3,42.95,91,0.03270016830968983,NORMAL,1
OLT VSOL FLOR A,GPON06ONU51,42.89,81,0.3390571339369341,NORMAL,1
OLT VSOL COLONIAS,GPON04ONU23,42.86,91,0.05281257676246622,NORMAL,1
OLT VSOL COLONIAS,GPON04ONU26,42.84,91,0.04897159647404505,NORMAL,1
OLT VSOL COLONIAS,GPON01ONU92,42.82,82,0.07994955863808323,NORMAL,1
OLT VSOL COLONIAS,GPON06ONU69,42.800000000000004,81,0.04876255819652046,NORMAL,1
OLT VSOL COLONIAS,GPON07ONU105,42.739999999999995,91,0.04677932892481019,NORMAL,1
OLT VSOL COLONIAS,GPON06ONU85,42.67,91,0.05488257107540173,NORMAL,1
OLT VSOL COLONIAS,GPON03ONU60,42.53,91,0.1541383989145183,NORMAL,1
OLT VSOL COLONIAS,GPON08ONU46,42.46,91,0.10630536737884315,NORMAL,1
OLT VSOL COLONIAS,GPON03ONU73,42.33,91,0.0635678391959799,NORMAL,1
OLT VSOL COLONIAS,GPON02ONU13,42.29,91,0.04704134686803664,NORMAL,1
OLT VSOL COLONIAS,GPON05ONU73,42.11,91,0.03795908306630515,NORMAL,1
OLT VSOL CARAQUITA,GPON03ONU21,42.06,86,0.1921768707482993,NORMAL,1
OLT VSOL COLONIAS,GPON03ONU5,41.949999999999996,91,0.030206286836935166,NORMAL,1
OLT VSOL COLONIAS,GPON08ONU91,41.8,91,0.034909631096806136,NORMAL,1
OLT VSOL COLONIAS,GPON05ONU22,41.790000000000006,91,0.09397905759162302,NORMAL,1
OLT VSOL FLOR A,GPON05ONU1,41.67,99,0.06246812850586436,NORMAL,1
OLT VSOL FLOR A,GPON03ONU23,41.66,98,0.10650730411686586,NORMAL,1
OLT VSOL COLONIAS,GPON08ONU2,41.580000000000005,91,0.0794392523364486,NORMAL,1
OLT VSOL COLONIAS,GPON03ONU27,41.49,89,0.07850272939953211,NORMAL,1
OLT VSOL COLONIAS,GPON04ONU4,41.45,90,0.068574374838876,NORMAL,1
OLT VSOL COLONIAS,GPON05ONU74,41.449999999999996,91,0.054707379134860054,NORMAL,1
OLT VSOL COLONIAS,GPON07ONU63,41.44,91,0.32692923471021457,NORMAL,1
OLT VSOL COLONIAS,GPON02ONU42,41.400000000000006,82,0.08263598326359832,NORMAL,1
OLT VSOL COLONIAS,GPON08ONU82,41.3,91,0.0925925925925926,NORMAL,1
OLT VSOL COLONIAS,GPON05ONU31,41.28,91,0.031226580064951284,NORMAL,1
OLT VSOL COLONIAS,GPON04ONU38,40.94,113,0.08825093035619351,NORMAL,1
OLT VSOL COLONIAS,GPON05ONU17,40.76,91,0.06562091503267974,NORMAL,1
OLT VSOL COLONIAS,GPON05ONU118,40.540000000000006,91,0.054356306892067614,NORMAL,1
OLT VSOL COLONIAS,GPON08ONU9,40.5,91,0.137960101152009,NORMAL,1
OLT VSOL COLONIAS,GPON02ONU54,40.38,91,0.0742218675179569,NORMAL,1
OLT VSOL FLOR A,GPON03ONU60,40.34,110,0.3008706868752015,NORMAL,1
OLT VSOL COLONIAS,GPON03ONU100,40.129999999999995,55,0.23819808701018205,NORMAL,1
OLT VSOL FLOR A,GPON05ONU47,40.120000000000005,84,0.03964757709251101,NORMAL,1
OLT VSOL COLONIAS,GPON08ONU38,40.08,91,0.031129405711345513,NORMAL,1
OLT VSOL COLONIAS,GPON04ONU24,40.0,103,0.0554089709762533,NORMAL,1
OLT VSOL COLONIAS,GPON07ONU91,39.9,91,0.035019455252918295,NORMAL,1
OLT VSOL FLOR A,GPON05ONU35,39.88,98,0.04562139486103828,NORMAL,1
OLT VSOL COLONIAS,GPON05ONU23,39.86,81,0.07584345479082322,NORMAL,1
OLT VSOL COLONIAS,GPON03ONU81,39.809999999999995,91,0.04625492772667543,NORMAL,1
OLT VSOL COLONIAS,GPON01ONU110,39.8,91,0.05486350384309568,NORMAL,1
OLT VSOL FLOR A,GPON03ONU102,39.75,75,0.09624931053502483,NORMAL,1
OLT VSOL FLOR A,GPON03ONU98,39.54,103,0.14675174013921113,NORMAL,1
OLT VSOL CARAQUITA,GPON06ONU4,39.53,89,0.11070525428491149,NORMAL,1
OLT VSOL FLOR A,GPON05ONU84,39.519999999999996,104,0.05246338215712384,NORMAL,1
OLT VSOL FLOR A,GPON03ONU85,39.480000000000004,102,0.2826510721247563,NORMAL,1
OLT VSOL COLONIAS,GPON01ONU109,39.39,85,0.1289767841788478,NORMAL,1
OLT VSOL COLONIAS,GPON05ONU78,39.32,91,0.23414940364092907,NORMAL,1
OLT VSOL COLONIAS,GPON08ONU103,39.28,82,0.036958817317845824,NORMAL,1
OLT VSOL CARAQUITA,GPON02ONU49,39.21,72,0.10047712601740107,NORMAL,1
OLT VSOL COLONIAS,GPON02ONU56,39.14,91,0.05669546436285097,NORMAL,1
OLT VSOL COLONIAS,GPON03ONU45,39.12,67,0.047109207708779445,NORMAL,1
OLT VSOL COLONIAS,GPON01ONU107,39.1,75,0.29042904290429045,NORMAL,1
OLT VSOL COLONIAS,GPON04ONU53,39.07,91,0.044094067343666485,NORMAL,1
OLT VSOL COLONIAS,GPON07ONU32,39.06,81,0.26900584795321636,NORMAL,1
OLT VSOL COLONIAS,GPON07ONU28,38.95,81,0.19625307125307123,NORMAL,1
OLT VSOL COLONIAS,GPON04ONU30,38.86,107,0.061168760240305854,NORMAL,1
OLT VSOL COLONIAS,GPON02ONU77,38.519999999999996,91,0.04192588585339465,NORMAL,1
OLT VSOL FLOR A,GPON04ONU68,38.39,57,0.07474804031354983,NORMAL,1
OLT VSOL COLONIAS,GPON08ONU37,38.31,91,0.048440065681444995,NORMAL,1
OLT VSOL COLONIAS,GPON08ONU8,38.24,61,0.07627357162960878,NORMAL,1
OLT VSOL COLONIAS,GPON07ONU36,38.18,91,0.16722714766126565,NORMAL,1
OLT VSOL FLOR A,GPON05ONU53,38.17,86,0.084375,NORMAL,1
OLT VSOL COLONIAS,GPON06ONU12,38.080000000000005,91,0.12164948453608246,NORMAL,1
OLT VSOL COLONIAS,GPON05ONU47,38.07,91,0.06044568245125348,NORMAL,1
OLT VSOL COLONIAS,GPON07ONU15,37.989999999999995,91,0.07316384180790961,NORMAL,1
OLT VSOL COLONIAS,GPON02ONU92,37.809999999999995,81,0.054084192918873716,NORMAL,1
OLT VSOL FLOR A,GPON04ONU26,37.78,103,0.08532031025567366,NORMAL,1
OLT VSOL COLONIAS,GPON03ONU44,37.699999999999996,83,0.12503730229782156,NORMAL,1
OLT VSOL COLONIAS,GPON06ONU4,37.5,91,0.17628607277289837,NORMAL,1
OLT VSOL COLONIAS,GPON05ONU38,37.480000000000004,88,0.059355568117580554,NORMAL,1
OLT VSOL CARAQUITA,GPON02ONU27,37.38,83,0.059824213212361775,NORMAL,1
OLT VSOL COLONIAS,GPON07ONU122,37.35,86,0.06379948732554828,NORMAL,1
OLT VSOL COLONIAS,GPON03ONU29,37.21,91,0.05291454442558008,NORMAL,1
OLT VSOL COLONIAS,GPON08ONU29,37.190000000000005,91,0.04466292134831461,NORMAL,1
OLT VSOL COLONIAS,GPON07ONU114,36.96,91,0.05269154087154657,NORMAL,1
OLT VSOL COLONIAS,GPON05ONU39,36.89,83,0.10020876826722337,NORMAL,1
OLT VSOL CARAQUITA,GPON01ONU5,36.660000000000004,87,0.10057039927949564,NORMAL,1
OLT VSOL COLONIAS,GPON01ONU8,36.63,91,0.03708946772366931,NORMAL,1
OLT VSOL CARAQUITA,GPON03ONU16,36.559999999999995,87,0.05390602479100606,NORMAL,1
OLT VSOL CARAQUITA,GPON06ONU15,36.300000000000004,85,0.31189013371882907,NORMAL,1
OLT VSOL COLONIAS,GPON01ONU72,36.260000000000005,90,0.12225317239244815,NORMAL,1
OLT VSOL COLONIAS,GPON01ONU15,36.17,91,0.04206280610774993,NORMAL,1
OLT VSOL COLONIAS,GPON03ONU68,36.12,91,0.050305321314335565,NORMAL,1
OLT VSOL COLONIAS,GPON02ONU15,36.12,85,0.07692307692307693,NORMAL,1
OLT VSOL COLONIAS,GPON02ONU60,36.08,83,0.3264705882352942,NORMAL,1
OLT VSOL COLONIAS,GPON03ONU98,36.050000000000004,91,0.04311342592592592,NORMAL,1
OLT VSOL COLONIAS,GPON08ONU50,35.69,91,0.03870779976717113,NORMAL,1
OLT VSOL COLONIAS,GPON07ONU66,35.67,91,0.1119077306733167,NORMAL,1
OLT VSOL CARAQUITA,GPON01ONU111,35.57,67,0.21068754254594965,NORMAL,1
OLT VSOL COLONIAS,GPON06ONU82,35.519999999999996,82,0.06698708320817062,NORMAL,1
OLT VSOL COLONIAS,GPON07ONU106,35.22,91,0.06372697070371489,NORMAL,1
OLT VSOL COLONIAS,GPON06ONU50,35.190000000000005,91,0.04982100238663484,NORMAL,1
OLT VSOL COLONIAS,GPON05ONU2,35.17,85,0.07192928985065528,NORMAL,1
OLT VSOL FLOR A,GPON06ONU1,35.160000000000004,105,0.06934306569343064,NORMAL,1
OLT VSOL COLONIAS,GPON07ONU119,35.160000000000004,91,0.05080693365212193,NORMAL,1
OLT VSOL CARAQUITA,GPON02ONU33,35.14,83,0.07527539779681762,NORMAL,1
OLT VSOL FLOR A,GPON06ONU47,34.93,92,0.03680617393885426,NORMAL,1
OLT VSOL COLONIAS,GPON04ONU28,34.89,68,0.1030667088207398,NORMAL,1
OLT VSOL FLOR A,GPON06ONU48,34.779999999999994,103,0.05810769698813508,NORMAL,1
OLT VSOL COLONIAS,GPON06ONU52,34.760000000000005,20,0.3057851239669422,CRITICO,-1
OLT VSOL FLOR A,GPON04ONU79,34.75,107,0.12459546925566344,NORMAL,1
OLT VSOL FLOR A,GPON03ONU101,34.730000000000004,106,0.10640331315705638,NORMAL,1
OLT VSOL COLONIAS,GPON06ONU34,34.72,78,0.1364975450081833,NORMAL,1
OLT VSOL FLOR A,GPON03ONU20,34.61,82,0.1295691906005222,NORMAL,1
OLT VSOL COLONIAS,GPON08ONU73,34.23,90,0.07002188183807441,NORMAL,1
OLT VSOL COLONIAS,GPON03ONU80,34.19,91,0.10539928871645651,NORMAL,1
OLT VSOL COLONIAS,GPON05ONU4,34.11000000000001,82,0.033010296789824346,NORMAL,1
OLT VSOL COLONIAS,GPON03ONU33,34.03,91,0.08652618135376756,NORMAL,1
OLT VSOL COLONIAS,GPON04ONU22,34.02,91,0.04676923076923077,NORMAL,1
OLT VSOL FLOR A,GPON06ONU56,33.97,94,0.09123032444587215,NORMAL,1
OLT VSOL FLOR A,GPON04ONU54,33.900000000000006,106,0.055088702147525676,NORMAL,1
OLT VSOL COLONIAS,GPON08ONU30,33.86,91,0.052533416226297786,NORMAL,1
OLT VSOL COLONIAS,GPON08ONU124,33.769999999999996,68,0.10323423717739301,NORMAL,1
OLT VSOL FLOR A,GPON03ONU75,33.73,92,0.21287306724199928,NORMAL,1
OLT VSOL COLONIAS,GPON08ONU18,33.7,91,0.1369770580296896,NORMAL,1
OLT VSOL COLONIAS,GPON06ONU47,33.66,81,0.05882352941176471,NORMAL,1
OLT VSOL COLONIAS,GPON06ONU14,33.66,74,0.36220153783893155,NORMAL,1
OLT VSOL FLOR A,GPON03ONU78,33.57,100,0.08290322580645161,NORMAL,1
OLT VSOL COLONIAS,GPON05ONU44,33.56,91,0.1812741992256248,NORMAL,1
OLT VSOL COLONIAS,GPON04ONU46,33.53,91,0.013297068600785734,NORMAL,1
OLT VSOL FLOR A,GPON05ONU52,33.36,101,0.13662691652470185,NORMAL,1
OLT VSOL COLONIAS,GPON05ONU49,33.26,91,0.09049180327868851,NORMAL,1
OLT VSOL COLONIAS,GPON01ONU112,33.16,91,0.03013358185771979,NORMAL,1
OLT VSOL COLONIAS,GPON07ONU6,33.15,91,0.09010194015126603,NORMAL,1
OLT VSOL COLONIAS,GPON07ONU12,33.15,91,0.11466039004707466,NORMAL,1
OLT VSOL COLONIAS,GPON06ONU75,33.15,101,0.08902759526938239,NORMAL,1
OLT VSOL COLONIAS,GPON08ONU44,32.949999999999996,81,0.041732532405943726,NORMAL,1
OLT VSOL COLONIAS,GPON03ONU58,32.9,91,0.13998613998613998,NORMAL,1
OLT VSOL COLONIAS,GPON01ONU27,32.879999999999995,58,0.16430594900849857,NORMAL,1
OLT VSOL COLONIAS,GPON07ONU29,32.85,91,0.06310679611650485,NORMAL,1
OLT VSOL COLONIAS,GPON08ONU67,32.82,91,0.09290709290709291,NORMAL,1
OLT VSOL CARAQUITA,GPON01ONU19,32.56,71,0.09814502529510963,NORMAL,1
OLT VSOL COLONIAS,GPON07ONU94,32.49,91,0.19448529411764706,NORMAL,1
OLT VSOL COLONIAS,GPON01ONU86,32.449999999999996,79,0.07308201058201058,NORMAL,1
OLT VSOL CARAQUITA,GPON03ONU10,32.33,84,0.1343859649122807,NORMAL,1
OLT VSOL COLONIAS,GPON05ONU33,32.33,91,0.04865390853065196,NORMAL,1
OLT VSOL CARAQUITA,GPON01ONU10,32.28,83,0.3105968331303289,NORMAL,1
OLT VSOL COLONIAS,GPON01ONU5,32.16,91,0.05859117840684661,NORMAL,1
OLT VSOL COLONIAS,GPON06ONU65,31.849999999999998,91,0.05080831408775982,NORMAL,1
OLT VSOL COLONIAS,GPON03ONU54,31.73,91,0.0475404423902278,NORMAL,1
OLT VSOL COLONIAS,GPON03ONU20,31.619999999999997,91,0.1616458486407054,NORMAL,1
OLT VSOL COLONIAS,GPON02ONU35,31.6,62,0.033693163231926726,NORMAL,1
OLT VSOL COLONIAS,GPON03ONU128,31.599999999999998,83,0.05509181969949916,NORMAL,1
OLT VSOL COLONIAS,GPON03ONU90,31.52,89,0.056654374790479384,NORMAL,1
OLT VSOL COLONIAS,GPON01ONU24,31.5,85,0.08471074380165289,NORMAL,1
OLT VSOL COLONIAS,GPON01ONU98,31.5,53,0.06924643584521385,NORMAL,1
OLT VSOL COLONIAS,GPON07ONU31,31.44,91,0.21766072811773818,NORMAL,1
OLT VSOL COLONIAS,GPON08ONU43,31.33,91,0.07737276478679506,NORMAL,1
OLT VSOL COLONIAS,GPON03ONU84,31.31,91,0.04855994641661085,NORMAL,1
OLT VSOL COLONIAS,GPON01ONU87,31.01,84,0.05011852353538774,NORMAL,1
OLT VSOL FLOR A,GPON04ONU85,31.01,94,0.07748436414176511,NORMAL,1
OLT VSOL COLONIAS,GPON01ONU88,30.97,53,0.11083213773314203,NORMAL,1
OLT VSOL FLOR A,GPON03ONU103,30.91,95,0.03724832214765101,NORMAL,1
OLT VSOL CARAQUITA,GPON02ONU6,30.83,80,0.05835907998626845,NORMAL,1
OLT VSOL COLONIAS,GPON02ONU25,30.74,91,0.07897507897507898,NORMAL,1
OLT VSOL FLOR A,GPON03ONU66,30.65,95,0.04145429833503228,NORMAL,1
OLT VSOL COLONIAS,GPON01ONU90,30.59,86,0.10273972602739727,NORMAL,1
OLT VSOL COLONIAS,GPON06ONU44,30.54,91,0.08490230905861457,NORMAL,1
OLT VSOL COLONIAS,GPON02ONU55,30.400000000000002,84,0.06891701828410689,NORMAL,1
OLT VSOL COLONIAS,GPON03ONU104,30.38,91,0.11241303551812523,NORMAL,1
OLT VSOL FLOR A,GPON04ONU17,30.259999999999998,102,0.08110039299749912,NORMAL,1
OLT VSOL COLONIAS,GPON02ONU37,30.2,75,0.02372881355932203,NORMAL,1
OLT VSOL COLONIAS,GPON03ONU112,30.169999999999998,91,0.028639618138424822,NORMAL,1
OLT VSOL COLONIAS,GPON05ONU111,30.14,91,0.033607681755829906,NORMAL,1
OLT VSOL COLONIAS,GPON03ONU106,30.03,91,0.043795620437956206,NORMAL,1
OLT VSOL CARAQUITA,GPON02ONU26,30.029999999999998,86,0.08255227108868061,NORMAL,1
OLT VSOL COLONIAS,GPON08ONU78,29.83,86,0.05035211267605634,NORMAL,1
OLT VSOL CARAQUITA,GPON03ONU20,29.740000000000002,76,0.04644616467276566,NORMAL,1
OLT VSOL COLONIAS,GPON06ONU83,29.71,91,0.04318820224719101,NORMAL,1
OLT VSOL COLONIAS,GPON03ONU96,29.52,91,0.12628767645936664,NORMAL,1
OLT VSOL COLONIAS,GPON03ONU67,29.490000000000002,91,0.03691983122362869,NORMAL,1
OLT VSOL CARAQUITA,GPON03ONU22,29.49,71,0.16285488958990535,NORMAL,1
OLT VSOL COLONIAS,GPON03ONU62,29.49,91,0.09424860853432282,NORMAL,1
OLT VSOL COLONIAS,GPON05ONU13,29.43,76,0.15095815408682048,NORMAL,1
OLT VSOL COLONIAS,GPON03ONU107,29.21,91,0.04209775240813414,NORMAL,1
OLT VSOL COLONIAS,GPON07ONU103,29.19,90,0.09448818897637795,NORMAL,1
OLT VSOL COLONIAS,GPON04ONU6,29.16,91,0.026038001407459533,NORMAL,1
OLT VSOL COLONIAS,GPON07ONU53,29.1,91,0.0801781737193764,NORMAL,1
OLT VSOL COLONIAS,GPON04ONU54,29.07,91,0.06017505470459518,NORMAL,1
OLT VSOL COLONIAS,GPON03ONU53,28.759999999999998,91,0.15502008032128514,NORMAL,1
OLT VSOL COLONIAS,GPON07ONU93,28.75,91,0.16114701130856218,NORMAL,1
OLT VSOL COLONIAS,GPON03ONU28,28.45,91,0.04136163982430453,NORMAL,1
OLT VSOL COLONIAS,GPON08ONU85,28.39,91,0.05617559523809524,NORMAL,1
OLT VSOL COLONIAS,GPON08ONU59,28.380000000000003,91,0.16216216216216214,NORMAL,1
OLT VSOL COLONIAS,GPON06ONU46,28.3,91,0.10980392156862745,NORMAL,1
OLT VSOL FLOR A,GPON06ONU21,28.12,88,0.17020391177694547,NORMAL,1
OLT VSOL COLONIAS,GPON03ONU55,27.97,91,0.05110860578729801,NORMAL,1
OLT VSOL COLONIAS,GPON03ONU118,27.950000000000003,91,0.07006125574272588,NORMAL,1
OLT VSOL COLONIAS,GPON03ONU121,27.84,91,0.0529500756429652,NORMAL,1
OLT VSOL COLONIAS,GPON06ONU61,27.73,91,0.08574784651527016,NORMAL,1
OLT VSOL COLONIAS,GPON03ONU78,27.43,91,0.1278782894736842,NORMAL,1
OLT VSOL COLONIAS,GPON01ONU59,27.21,65,0.09321012454801124,NORMAL,1
OLT VSOL COLONIAS,GPON08ONU104,27.01,91,0.07910507391130643,NORMAL,1
OLT VSOL CARAQUITA,GPON02ONU4,26.830000000000002,71,0.1315900463939266,NORMAL,1
OLT VSOL COLONIAS,GPON01ONU1,26.75,91,0.19686800894854586,NORMAL,1
OLT VSOL CARAQUITA,GPON06ONU33,26.66,86,0.13398553806890684,NORMAL,1
OLT VSOL COLONIAS,GPON07ONU52,26.52,91,0.03230829116387699,NORMAL,1
OLT VSOL COLONIAS,GPON02ONU1,26.48,91,0.03316426063207179,NORMAL,1
OLT VSOL COLONIAS,GPON02ONU2,26.44,91,0.0397168698387731,NORMAL,1
OLT VSOL COLONIAS,GPON02ONU87,26.4,91,0.08241082410824108,NORMAL,1
OLT VSOL COLONIAS,GPON03ONU102,26.389999999999997,91,0.03166536356528538,NORMAL,1
OLT VSOL COLONIAS,GPON08ONU90,26.32,91,0.04155124653739613,NORMAL,1
OLT VSOL FLOR A,GPON04ONU73,26.310000000000002,96,0.05790108564535584,NORMAL,1
OLT VSOL COLONIAS,GPON01ONU78,26.05,84,0.06806068060680606,NORMAL,1
OLT VSOL FLOR A,GPON05ONU88,25.939999999999998,86,0.06617344841759146,NORMAL,1
OLT VSOL COLONIAS,GPON06ONU40,25.93,91,0.0540650406504065,NORMAL,1
OLT VSOL COLONIAS,GPON07ONU101,25.87,91,0.06068060680606806,NORMAL,1
OLT VSOL COLONIAS,GPON03ONU66,25.86,91,0.05637254901960784,NORMAL,1
OLT VSOL COLONIAS,GPON06ONU17,25.810000000000002,91,0.08127356514453288,NORMAL,1
OLT VSOL COLONIAS,GPON07ONU110,25.73,91,0.11288927335640138,NORMAL,1
OLT VSOL COLONIAS,GPON08ONU68,25.67,83,0.08449514152936205,NORMAL,1
OLT VSOL COLONIAS,GPON05ONU35,25.56,91,0.05619834710743802,NORMAL,1
OLT VSOL COLONIAS,GPON06ONU38,25.5,86,0.06382978723404256,NORMAL,1
OLT VSOL COLONIAS,GPON03ONU122,25.46,91,0.13711478338543992,NORMAL,1
OLT VSOL FLOR A,GPON05ONU22,25.45,101,0.06130108423686405,NORMAL,1
OLT VSOL FLOR A,GPON03ONU59,25.29,84,0.08774193548387096,NORMAL,1
OLT VSOL COLONIAS,GPON06ONU37,25.22,91,0.23870333988212183,NORMAL,1
OLT VSOL FLOR A,GPON04ONU31,25.14,74,0.08878302295365958,NORMAL,1
OLT VSOL CARAQUITA,GPON01ONU18,25.12,78,0.23622047244094488,NORMAL,1
OLT VSOL COLONIAS,GPON08ONU71,25.11,91,0.13057181449797386,NORMAL,1
OLT VSOL COLONIAS,GPON05ONU6,25.06,59,0.08203799654576856,NORMAL,1
OLT VSOL FLOR A,GPON05ONU2,24.8,93,0.1883085769046478,NORMAL,1
OLT VSOL COLONIAS,GPON06ONU32,24.4,91,0.1208084519981626,NORMAL,1
OLT VSOL COLONIAS,GPON01ONU97,24.340000000000003,77,0.05780095610604085,NORMAL,1
OLT VSOL COLONIAS,GPON06ONU58,24.29,91,0.04070265638389031,NORMAL,1
OLT VSOL FLOR A,GPON04ONU6,24.25,105,0.0874439461883408,NORMAL,1
OLT VSOL FLOR A,GPON05ONU11,24.19,98,0.33204845814977973,NORMAL,1
OLT VSOL COLONIAS,GPON08ONU15,23.97,81,0.031855359448988374,NORMAL,1
OLT VSOL COLONIAS,GPON07ONU97,23.880000000000003,91,0.1910224438902743,NORMAL,1
OLT VSOL COLONIAS,GPON06ONU26,23.849999999999998,29,0.10161662817551964,NORMAL,1
OLT VSOL FLOR A,GPON06ONU19,23.810000000000002,65,0.08771128369118318,NORMAL,1
OLT VSOL COLONIAS,GPON05ONU77,23.799999999999997,89,0.0625,NORMAL,1
OLT VSOL COLONIAS,GPON07ONU104,23.79,81,0.05079505300353356,NORMAL,1
OLT VSOL COLONIAS,GPON02ONU61,23.55,91,0.05040142729705619,NORMAL,1
OLT VSOL CARAQUITA,GPON02ONU48,23.55,84,0.10719322990126938,NORMAL,1
OLT VSOL COLONIAS,GPON01ONU53,23.55,80,0.06802721088435373,NORMAL,1
OLT VSOL COLONIAS,GPON05ONU76,23.5,91,0.043516873889875664,NORMAL,1
OLT VSOL COLONIAS,GPON01ONU6,23.3,91,0.10113421550094519,NORMAL,1
OLT VSOL COLONIAS,GPON01ONU95,23.09,81,0.05675057208237986,NORMAL,1
OLT VSOL FLOR A,GPON03ONU74,22.889999999999997,29,0.0988958233317331,NORMAL,1
OLT VSOL FLOR A,GPON06ONU31,22.779999999999998,72,0.04783808647654094,NORMAL,1
OLT VSOL CARAQUITA,GPON06ONU16,22.57,73,0.03770114942528736,NORMAL,1
OLT VSOL COLONIAS,GPON05ONU75,22.45,91,0.014918625678119348,NORMAL,1
OLT VSOL COLONIAS,GPON07ONU60,22.270000000000003,91,0.051960321209258385,NORMAL,1
OLT VSOL COLONIAS,GPON01ONU65,22.27,81,0.09650418513047761,NORMAL,1
OLT VSOL COLONIAS,GPON02ONU19,22.240000000000002,91,0.2825836216839677,NORMAL,1
OLT VSOL COLONIAS,GPON02ONU73,22.24,91,0.07804168686379061,NORMAL,1
OLT VSOL COLONIAS,GPON02ONU6,22.17,91,0.029725963771481654,NORMAL,1
OLT VSOL COLONIAS,GPON08ONU1,22.05,82,0.029411764705882353,NORMAL,1
OLT VSOL COLONIAS,GPON03ONU56,21.919999999999998,91,0.03935514461830251,NORMAL,1
OLT VSOL COLONIAS,GPON08ONU109,21.900000000000002,85,0.06310679611650485,NORMAL,1
OLT VSOL COLONIAS,GPON07ONU92,21.78,78,0.04812319538017324,NORMAL,1
OLT VSOL FLOR A,GPON04ONU91,21.599999999999998,100,0.10035659704533877,NORMAL,1
OLT VSOL COLONIAS,GPON04ONU36,21.42,94,0.029807692307692306,NORMAL,1
OLT VSOL FLOR A,GPON03ONU24,21.17,92,0.13390465988216388,NORMAL,1
OLT VSOL FLOR A,GPON03ONU93,21.150000000000002,65,0.05014895729890764,NORMAL,1
OLT VSOL COLONIAS,GPON04ONU49,21.14,91,0.050173869846000994,NORMAL,1
OLT VSOL FLOR A,GPON06ONU59,21.02,70,0.2959309494451295,NORMAL,1
OLT VSOL CARAQUITA,GPON06ONU30,20.990000000000002,62,0.16870824053452113,NORMAL,1
OLT VSOL FLOR A,GPON06ONU40,20.729999999999997,80,0.05873340143003065,NORMAL,1
OLT VSOL COLONIAS,GPON07ONU107,20.71,26,0.22908011869436198,CRITICO,-1
OLT VSOL FLOR A,GPON06ONU72,20.68,105,0.0665291387313048,NORMAL,1
OLT VSOL COLONIAS,GPON08ONU45,20.58,91,0.0848708487084871,NORMAL,1
OLT VSOL COLONIAS,GPON01ONU34,20.509999999999998,62,0.14007782101167315,NORMAL,1
OLT VSOL COLONIAS,GPON02ONU93,20.41,31,0.059709241952232595,NORMAL,1
OLT VSOL COLONIAS,GPON08ONU110,20.28,91,0.032586558044806514,NORMAL,1
OLT VSOL COLONIAS,GPON08ONU13,20.16,91,0.03597122302158273,NORMAL,1
OLT VSOL COLONIAS,GPON05ONU42,20.04,91,0.055292259083728285,NORMAL,1
OLT VSOL FLOR A,GPON06ONU34,19.72,92,0.06479481641468682,NORMAL,1
OLT VSOL COLONIAS,GPON07ONU115,19.46,91,0.04119850187265917,NORMAL,1
OLT VSOL CARAQUITA,GPON02ONU3,19.36,71,0.08277404921700224,NORMAL,1
OLT VSOL COLONIAS,GPON06ONU30,19.3,91,0.09162895927601811,NORMAL,1
OLT VSOL COLONIAS,GPON03ONU13,19.27,86,0.05995599559955996,NORMAL,1
OLT VSOL COLONIAS,GPON03ONU95,19.060000000000002,88,0.15305505142165757,NORMAL,1
OLT VSOL COLONIAS,GPON01ONU82,19.04,70,0.13943746259724715,NORMAL,1
OLT VSOL CARAQUITA,GPON03ONU34,18.709999999999997,61,0.06975414522584335,NORMAL,1
OLT VSOL COLONIAS,GPON06ONU56,18.36,91,0.05094447624499142,NORMAL,1
OLT VSOL CARAQUITA,GPON02ONU30,18.3,75,0.07520564042303172,NORMAL,1
OLT VSOL COLONIAS,GPON02ONU94,18.200000000000003,30,0.13678950655840097,CRITICO,-1
OLT VSOL COLONIAS,GPON02ONU39,18.18,91,0.042431192660550454,NORMAL,1
OLT VSOL COLONIAS,GPON03ONU87,18.18,91,0.04844290657439446,NORMAL,1
OLT VSOL COLONIAS,GPON03ONU2,18.16,91,0.03357996585088218,NORMAL,1
OLT VSOL COLONIAS,GPON01ONU64,17.46,47,0.16711229946524064,NORMAL,1
OLT VSOL CARAQUITA,GPON06ONU19,17.200000000000003,82,0.05781057810578105,NORMAL,1
OLT VSOL CARAQUITA,GPON02ONU37,17.169999999999998,72,0.08191556395715187,NORMAL,1
OLT VSOL COLONIAS,GPON01ONU52,17.02,58,0.037804878048780494,NORMAL,1
OLT VSOL COLONIAS,GPON06ONU76,16.82,91,0.025609756097560978,NORMAL,1
OLT VSOL COLONIAS,GPON02ONU58,16.69,71,0.2750190985485103,NORMAL,1
OLT VSOL FLOR A,GPON05ONU90,16.63,79,0.0729032258064516,NORMAL,1
OLT VSOL COLONIAS,GPON08ONU27,16.32,91,0.03291139240506329,NORMAL,1
OLT VSOL COLONIAS,GPON03ONU1,16.14,91,0.04129032258064516,NORMAL,1
OLT VSOL FLOR A,GPON03ONU46,15.89,99,0.1607012417823229,NORMAL,1
OLT VSOL FLOR A,GPON06ONU29,15.6,46,0.37687555163283315,CRITICO,-1
OLT VSOL FLOR A,GPON05ONU19,15.58,94,0.1041814316087881,NORMAL,1
OLT VSOL COLONIAS,GPON07ONU4,15.57,91,0.06134969325153374,NORMAL,1
OLT VSOL COLONIAS,GPON03ONU115,15.450000000000001,91,0.03830645161290322,NORMAL,1
OLT VSOL FLOR A,GPON03ONU80,15.42,69,0.09206798866855524,NORMAL,1
OLT VSOL COLONIAS,GPON01ONU113,15.299999999999999,91,0.019320453031312457,NORMAL,1
OLT VSOL COLONIAS,GPON01ONU37,14.85,86,0.07297687861271676,NORMAL,1
OLT VSOL CARAQUITA,GPON02ONU46,14.84,75,0.16392156862745097,NORMAL,1
OLT VSOL COLONIAS,GPON02ONU4,14.71,41,0.021527777777777778,NORMAL,1
OLT VSOL COLONIAS,GPON08ONU76,14.700000000000001,91,0.027253668763102725,NORMAL,1
OLT VSOL COLONIAS,GPON03ONU49,14.41,91,0.032974910394265235,NORMAL,1
OLT VSOL COLONIAS,GPON01ONU89,14.0,91,0.027146001467351428,NORMAL,1
OLT VSOL COLONIAS,GPON01ONU74,13.99,37,0.06065200909780137,NORMAL,1
OLT VSOL FLOR A,GPON06ONU63,13.85,18,0.2788550323176362,CRITICO,-1
OLT VSOL CARAQUITA,GPON03ONU31,13.59,14,0.26066790352504643,CRITICO,-1
OLT VSOL COLONIAS,GPON03ONU110,13.530000000000001,14,0.3316929133858268,CRITICO,-1
OLT VSOL FLOR A,GPON03ONU36,13.379999999999999,89,0.060221870047543584,NORMAL,1
OLT VSOL CARAQUITA,GPON06ONU7,13.299999999999999,53,0.07692307692307693,NORMAL,1
OLT VSOL CARAQUITA,GPON02ONU42,13.149999999999999,73,0.11535199321458865,NORMAL,1
OLT VSOL COLONIAS,GPON07ONU116,13.14,79,0.07528641571194762,NORMAL,1
OLT VSOL CARAQUITA,GPON02ONU56,12.950000000000001,68,0.11254295532646048,NORMAL,1
OLT VSOL FLOR A,GPON05ONU29,12.77,90,0.07041072925398156,NORMAL,1
OLT VSOL COLONIAS,GPON01ONU40,12.71,77,0.09758203799654576,NORMAL,1
OLT VSOL FLOR A,GPON03ONU82,12.7,36,0.049586776859504134,NORMAL,1
OLT VSOL COLONIAS,GPON07ONU70,12.58,91,0.021103896103896104,NORMAL,1
OLT VSOL CARAQUITA,GPON02ONU10,12.36,55,0.058219178082191785,NORMAL,1
OLT VSOL FLOR A,GPON03ONU105,11.94,83,0.05198237885462555,NORMAL,1
OLT VSOL CARAQUITA,GPON03ONU7,11.82,47,0.035933391761612615,NORMAL,1
OLT VSOL FLOR A,GPON04ONU33,11.74,46,0.11916110581506197,NORMAL,1
OLT VSOL COLONIAS,GPON08ONU12,11.709999999999999,23,0.1594059405940594,CRITICO,-1
OLT VSOL FLOR A,GPON05ONU85,11.69,93,0.06757990867579909,NORMAL,1
OLT VSOL COLONIAS,GPON07ONU109,11.47,47,0.05229357798165137,NORMAL,1
OLT VSOL COLONIAS,GPON06ONU1,11.3,91,0.019855595667870037,NORMAL,1
OLT VSOL FLOR A,GPON03ONU61,10.74,65,0.04780487804878049,NORMAL,1
OLT VSOL COLONIAS,GPON08ONU88,10.379999999999999,11,0.5065312046444123,CRITICO,-1
OLT VSOL COLONIAS,GPON02ONU10,10.32,91,0.02279484638255699,NORMAL,1
OLT VSOL COLONIAS,GPON08ONU32,9.85,91,0.02072538860103627,NORMAL,1
OLT VSOL COLONIAS,GPON04ONU1,9.84,31,0.027139874739039668,NORMAL,1
OLT VSOL COLONIAS,GPON08ONU122,9.42,45,0.04899777282850779,NORMAL,1
OLT VSOL FLOR A,GPON03ONU107,9.299999999999999,92,0.07142857142857142,NORMAL,1
OLT VSOL FLOR A,GPON03ONU40,9.27,76,0.15875,NORMAL,1
OLT VSOL CARAQUITA,GPON02ONU9,9.15,53,0.07900943396226415,NORMAL,1
OLT VSOL CARAQUITA,GPON02ONU18,8.32,56,0.13043478260869565,NORMAL,1
OLT VSOL COLONIAS,GPON07ONU45,7.87,11,0.053547523427041506,NORMAL,1
OLT VSOL COLONIAS,GPON07ONU69,7.2,11,0.03299856527977045,NORMAL,1
OLT VSOL FLOR A,GPON03ONU50,6.930000000000001,48,0.07608695652173912,NORMAL,1
OLT VSOL COLONIAS,GPON05ONU28,6.43,58,0.042139384116693684,NORMAL,1
OLT VSOL COLONIAS,GPON06ONU27,6.23,11,0.9967948717948717,CRITICO,-1
OLT VSOL COLONIAS,GPON07ONU46,6.09,11,0.5575447570332481,CRITICO,-1
OLT VSOL COLONIAS,GPON07ONU121,5.8,11,0.5143603133159269,CRITICO,-1
OLT VSOL COLONIAS,GPON01ONU79,5.66,64,0.06191369606003753,NORMAL,1
OLT VSOL COLONIAS,GPON01ONU46,5.07,60,0.05845511482254698,NORMAL,1
OLT VSOL CARAQUITA,GPON02ONU38,4.79,18,0.023504273504273508,CRITICO,-1
OLT VSOL COLONIAS,GPON07ONU113,4.55,11,0.041189931350114416,NORMAL,1
OLT VSOL COLONIAS,GPON02ONU95,4.55,7,0.029411764705882356,NORMAL,1
OLT VSOL COLONIAS,GPON06ONU31,4.51,11,0.07380952380952381,NORMAL,1
OLT VSOL COLONIAS,GPON08ONU49,4.45,11,0.02534562211981567,NORMAL,1
OLT VSOL COLONIAS,GPON07ONU90,4.17,11,0.05569620253164557,NORMAL,1
OLT VSOL COLONIAS,GPON08ONU11,4.16,11,0.09473684210526316,NORMAL,1
OLT VSOL COLONIAS,GPON05ONU81,3.96,8,0.02857142857142857,NORMAL,1
OLT VSOL COLONIAS,GPON06ONU59,3.96,11,0.08196721311475409,NORMAL,1
OLT VSOL COLONIAS,GPON05ONU25,3.91,11,0.06830601092896174,NORMAL,1
OLT VSOL COLONIAS,GPON08ONU47,3.54,11,0.0411764705882353,NORMAL,1
OLT VSOL COLONIAS,GPON07ONU86,3.5300000000000002,11,0.03519061583577712,NORMAL,1
OLT VSOL COLONIAS,GPON02ONU90,3.06,11,0.04794520547945206,NORMAL,1
OLT VSOL COLONIAS,GPON08ONU20,3.0500000000000003,11,0.2551440329218107,CRITICO,-1
OLT VSOL COLONIAS,GPON08ONU61,3.0300000000000002,11,0.04844290657439446,NORMAL,1
OLT VSOL COLONIAS,GPON08ONU41,2.9499999999999997,13,0.053571428571428575,NORMAL,1
OLT VSOL COLONIAS,GPON07ONU22,2.4600000000000004,11,0.09821428571428571,CRITICO,-1
OLT VSOL COLONIAS,GPON07ONU26,2.26,11,0.022624434389140274,NORMAL,1
OLT VSOL COLONIAS,GPON06ONU33,2.2399999999999998,11,0.03225806451612904,NORMAL,1
OLT VSOL COLONIAS,GPON08ONU65,2.21,11,0.04245283018867924,NORMAL,1
OLT VSOL COLONIAS,GPON08ONU26,2.04,11,0.04081632653061225,NORMAL,1
OLT VSOL COLONIAS,GPON07ONU83,2.03,11,0.03571428571428572,NORMAL,1
OLT VSOL COLONIAS,GPON08ONU40,1.9000000000000001,11,0.39705882352941174,CRITICO,-1
OLT VSOL COLONIAS,GPON07ONU84,1.8,11,0.04046242774566475,NORMAL,1
OLT VSOL COLONIAS,GPON07ONU87,1.54,6,0.04054054054054054,NORMAL,1
OLT VSOL COLONIAS,GPON08ONU86,1.49,9,0.02054794520547945,NORMAL,1
OLT VSOL COLONIAS,GPON07ONU124,1.48,8,0.020689655172413793,NORMAL,1
OLT VSOL COLONIAS,GPON06ONU74,1.25,11,0.05042016806722689,NORMAL,1
OLT VSOL FLOR A,GPON04ONU39,1.12,8,0.13131313131313133,CRITICO,-1
OLT VSOL COLONIAS,GPON05ONU61,1.0,11,0.030927835051546393,NORMAL,1
OLT VSOL COLONIAS,GPON07ONU10,0.86,11,0.02380952380952381,NORMAL,1
OLT VSOL COLONIAS,GPON05ONU12,0.7100000000000001,11,0.044117647058823525,NORMAL,1
OLT VSOL COLONIAS,GPON06ONU53,0.55,11,0.0,NORMAL,1
OLT VSOL COLONIAS,GPON02ONU105,0.53,11,0.0,NORMAL,1
OLT VSOL COLONIAS,GPON02ONU67,0.29000000000000004,4,0.03571428571428571,NORMAL,1
OLT VSOL COLONIAS,GPON02ONU66,0.18,3,0.125,CRITICO,-1
OLT VSOL COLONIAS,GPON07ONU77,0.0,0,0.0,NORMAL,1
OLT VSOL FLOR A,GPON05ONU9,0.0,0,0.0,NORMAL,1
OLT VSOL COLONIAS,GPON07ONU81,0.0,0,0.0,NORMAL,1
OLT VSOL CARAQUITA,GPON01ONU112,0.0,0,0.0,NORMAL,1
OLT VSOL COLONIAS,GPON02ONU47,0.0,0,0.0,NORMAL,1
OLT VSOL CARAQUITA,GPON02ONU29,0.0,0,0.0,NORMAL,1
OLT VSOL FLOR A,GPON06ONU68,0.0,0,0.0,NORMAL,1
OLT VSOL CARAQUITA,GPON02ONU2,0.0,0,0.0,NORMAL,1
OLT VSOL FLOR A,GPON05ONU70,0.0,0,0.0,NORMAL,1
OLT VSOL FLOR A,GPON03ONU99,0.0,0,0.0,NORMAL,1
OLT VSOL COLONIAS,GPON07ONU82,0.0,0,0.0,NORMAL,1
OLT VSOL CARAQUITA,GPON06ONU23,0.0,0,0.0,NORMAL,1
OLT VSOL COLONIAS,GPON01ONU114,0.0,0,0.0,NORMAL,1
OLT VSOL COLONIAS,GPON04ONU34,0.0,0,0.0,NORMAL,1
OLT VSOL FLOR A,GPON03ONU18,0.0,0,0.0,NORMAL,1
OLT VSOL CARAQUITA,GPON06ONU9,0.0,0,0.0,NORMAL,1
OLT VSOL CARAQUITA,GPON01ONU7,0.0,0,0.0,NORMAL,1
OLT VSOL FLOR A,GPON05ONU76,0.0,0,0.0,NORMAL,1
OLT VSOL FLOR A,GPON06ONU65,0.0,0,0.0,NORMAL,1
OLT VSOL COLONIAS,GPON02ONU68,0.0,0,0.0,NORMAL,1
OLT VSOL FLOR A,GPON03ONU69,0.0,0,0.0,NORMAL,1
OLT VSOL COLONIAS,GPON01ONU103,0.0,0,0.0,NORMAL,1
OLT VSOL FLOR A,GPON05ONU86,0.0,0,0.0,NORMAL,1
OLT VSOL FLOR A,GPON03ONU8,0.0,0,0.0,NORMAL,1
OLT VSOL CARAQUITA,GPON02ONU44,0.0,0,0.0,NORMAL,1
OLT VSOL FLOR A,GPON04ONU87,0.0,0,0.0,NORMAL,1
OLT VSOL COLONIAS,GPON04ONU11,0.0,0,0.0,NORMAL,1
OLT VSOL CARAQUITA,GPON02ONU25,0.0,0,0.0,NORMAL,1
OLT VSOL CARAQUITA,GPON02ONU24,0.0,0,0.0,NORMAL,1
OLT VSOL COLONIAS,GPON02ONU46,0.0,0,0.0,NORMAL,1
OLT VSOL FLOR A,GPON04ONU93,0.0,0,0.0,NORMAL,1
OLT VSOL COLONIAS,GPON02ONU22,0.0,0,0.0,NORMAL,1
OLT VSOL FLOR A,GPON04ONU82,0.0,0,0.0,NORMAL,1
OLT VSOL FLOR A,GPON04ONU92,0.0,0,0.0,NORMAL,1
OLT VSOL CARAQUITA,GPON01ONU113,0.0,0,0.0,NORMAL,1
OLT VSOL COLONIAS,GPON07ONU85,0.0,0,0.0,NORMAL,1
OLT VSOL CARAQUITA,GPON01ONU110,0.0,0,0.0,NORMAL,1
OLT VSOL COLONIAS,GPON01ONU41,0.0,0,0.0,NORMAL,1
OLT VSOL CARAQUITA,GPON03ONU3,0.0,0,0.0,NORMAL,1
OLT VSOL COLONIAS,GPON01ONU12,0.0,0,0.0,NORMAL,1
OLT VSOL COLONIAS,GPON01ONU55,0.0,0,0.0,NORMAL,1
OLT VSOL COLONIAS,GPON02ONU45,0.0,0,0.0,NORMAL,1
OLT VSOL CARAQUITA,GPON06ONU5,0.0,0,0.0,NORMAL,1
OLT VSOL FLOR A,GPON03ONU25,0.0,0,0.0,NORMAL,1
OLT VSOL COLONIAS,GPON02ONU36,0.0,0,0.0,NORMAL,1
OLT VSOL FLOR A,GPON06ONU53,0.0,0,0.0,NORMAL,1
OLT VSOL FLOR A,GPON03ONU65,0.0,0,0.0,NORMAL,1
OLT VSOL COLONIAS,GPON04ONU56,0.0,0,0.0,NORMAL,1
OLT VSOL FLOR A,GPON05ONU49,0.0,0,0.0,NORMAL,1
OLT VSOL CARAQUITA,GPON06ONU14,0.0,0,0.0,NORMAL,1
OLT VSOL COLONIAS,GPON02ONU12,0.0,0,0.0,NORMAL,1
OLT VSOL FLOR A,GPON06ONU66,0.0,0,0.0,NORMAL,1
OLT VSOL CARAQUITA,GPON02ONU8,0.0,0,0.0,NORMAL,1
OLT VSOL COLONIAS,GPON02ONU62,0.0,0,0.0,NORMAL,1
OLT VSOL COLONIAS,GPON02ONU80,0.0,0,0.0,NORMAL,1
OLT VSOL COLONIAS,GPON02ONU32,0.0,0,0.0,NORMAL,1
OLT VSOL COLONIAS,GPON02ONU23,0.0,0,0.0,NORMAL,1
OLT VSOL COLONIAS,GPON04ONU41,0.0,0,0.0,NORMAL,1
OLT VSOL CARAQUITA,GPON02ONU36,0.0,0,0.0,NORMAL,1
OLT VSOL FLOR A,GPON03ONU68,0.0,0,0.0,NORMAL,1
OLT VSOL CARAQUITA,GPON02ONU43,0.0,0,0.0,NORMAL,1
OLT VSOL COLONIAS,GPON01ONU36,0.0,0,0.0,NORMAL,1
OLT VSOL FLOR A,GPON05ONU69,0.0,0,0.0,NORMAL,1
OLT VSOL FLOR A,GPON04ONU63,0.0,0,0.0,NORMAL,1
OLT VSOL COLONIAS,GPON02ONU24,0.0,0,0.0,NORMAL,1
OLT VSOL COLONIAS,GPON04ONU16,0.0,0,0.0,NORMAL,1
OLT VSOL CARAQUITA,GPON02ONU54,0.0,0,0.0,NORMAL,1
OLT VSOL CARAQUITA,GPON06ONU17,0.0,0,0.0,NORMAL,1
OLT VSOL FLOR A,GPON04ONU76,0.0,0,0.0,NORMAL,1
OLT VSOL COLONIAS,GPON02ONU11,0.0,0,0.0,NORMAL,1
OLT VSOL COLONIAS,GPON01ONU115,0.0,0,0.0,NORMAL,1
